year,month,day,ALLSKY_SFC_SW_DWN,CLRSKY_SFC_SW_DWN,ALLSKY_SFC_SW_DNI,DATE
2010,1,1,6.3559,8.3923,4.6774,2010-01-01
2010,1,2,6.1922,8.2337,2.3458,2010-01-02
2010,1,3,5.3198,8.1209,2.6618,2010-01-03
2010,1,4,7.1947,8.0268,5.473,2010-01-04
2010,1,5,7.891,8.1706,7.7059,2010-01-05
2010,1,6,6.5374,8.1569,3.959,2010-01-06
2010,1,7,6.8851,8.1192,4.6481,2010-01-07
2010,1,8,6.7834,8.1912,3.5434,2010-01-08
2010,1,9,7.2497,8.2224,5.8874,2010-01-09
2010,1,10,4.5576,8.1022,0.3221,2010-01-10
2010,1,11,5.8994,8.0114,2.659,2010-01-11
2010,1,12,5.2224,8.0436,2.0472,2010-01-12
2010,1,13,5.0664,8.1526,1.5674,2010-01-13
2010,1,14,7.5062,8.4984,6.2011,2010-01-14
2010,1,15,8.1521,8.6162,8.5087,2010-01-15
2010,1,16,6.6442,8.1773,5.3518,2010-01-16
2010,1,17,7.529,8.2373,6.9938,2010-01-17
2010,1,18,5.4974,8.027,3.7373,2010-01-18
2010,1,19,4.849,7.962,1.6831,2010-01-19
2010,1,20,7.0826,8.5274,5.3868,2010-01-20
2010,1,21,8.8807,8.8865,11.2286,2010-01-21
2010,1,22,8.4713,8.7581,9.7958,2010-01-22
2010,1,23,7.7942,8.477,8.2548,2010-01-23
2010,1,24,7.9992,8.4998,8.6453,2010-01-24
2010,1,25,7.7806,8.3993,7.5955,2010-01-25
2010,1,26,7.8341,8.3707,7.7278,2010-01-26
2010,1,27,6.4956,8.2898,5.5378,2010-01-27
2010,1,28,8.1014,8.364,8.9921,2010-01-28
2010,1,29,7.9726,8.3717,8.7662,2010-01-29
2010,1,30,7.9231,8.1977,8.3304,2010-01-30
2010,1,31,6.9151,8.1154,3.8225,2010-01-31
2010,2,1,6.8146,7.7832,4.2377,2010-02-01
2010,2,2,7.2958,8.0064,5.6664,2010-02-02
2010,2,3,7.9286,8.0158,8.8042,2010-02-03
2010,2,4,7.1422,7.9543,6.5995,2010-02-04
2010,2,5,7.3402,7.8386,6.3869,2010-02-05
2010,2,6,7.8226,7.9226,8.4338,2010-02-06
2010,2,7,7.805,7.9452,8.2207,2010-02-07
2010,2,8,5.3549,7.6963,3.8062,2010-02-08
2010,2,9,8.0503,8.1674,9.1502,2010-02-09
2010,2,10,7.5768,8.2214,8.1578,2010-02-10
2010,2,11,7.1102,7.8703,6.3586,2010-02-11
2010,2,12,7.0738,7.7237,6.2856,2010-02-12
2010,2,13,5.9784,7.6056,4.6066,2010-02-13
2010,2,14,4.6183,7.4945,3.1546,2010-02-14
2010,2,15,5.2361,7.4059,2.4814,2010-02-15
2010,2,16,4.0418,7.4966,0.7044,2010-02-16
2010,2,17,6.5398,7.7729,5.6861,2010-02-17
2010,2,18,7.2228,7.6858,7.4866,2010-02-18
2010,2,19,7.1527,7.5576,7.5984,2010-02-19
2010,2,20,6.431,7.5209,5.5493,2010-02-20
2010,2,21,3.9346,7.3325,0.655,2010-02-21
2010,2,22,4.9601,7.159,0.8479,2010-02-22
2010,2,23,6.1361,7.3272,4.8257,2010-02-23
2010,2,24,2.1098,7.0838,0.1884,2010-02-24
2010,2,25,7.4297,7.6277,8.1852,2010-02-25
2010,2,26,3.3271,7.3582,0.4286,2010-02-26
2010,2,27,1.5958,6.6718,0.1373,2010-02-27
2010,2,28,6.2573,7.2389,5.8795,2010-02-28
2010,3,1,7.111,7.4623,7.8602,2010-03-01
2010,3,2,7.4146,7.4506,9.071,2010-03-02
2010,3,3,6.9151,7.4064,7.9044,2010-03-03
2010,3,4,6.173,7.2874,4.1239,2010-03-04
2010,3,5,6.8786,7.3807,7.3339,2010-03-05
2010,3,6,7.6099,7.6171,10.1117,2010-03-06
2010,3,7,7.1954,7.4568,8.4365,2010-03-07
2010,3,8,7.3608,7.4892,9.035,2010-03-08
2010,3,9,6.6026,7.319,7.0548,2010-03-09
2010,3,10,6.7111,7.2041,7.595,2010-03-10
2010,3,11,6.9768,7.1911,8.1115,2010-03-11
2010,3,12,6.8981,7.1131,7.6829,2010-03-12
2010,3,13,2.0698,6.7759,0.3828,2010-03-13
2010,3,14,4.7743,6.815,3.3418,2010-03-14
2010,3,15,5.2975,6.8326,4.1873,2010-03-15
2010,3,16,6.2364,6.9619,5.5507,2010-03-16
2010,3,17,6.8179,6.9046,8.304,2010-03-17
2010,3,18,6.6151,6.8117,8.1722,2010-03-18
2010,3,19,5.1346,6.6278,2.664,2010-03-19
2010,3,20,3.7752,6.5683,1.8331,2010-03-20
2010,3,21,6.2366,6.6329,7.4018,2010-03-21
2010,3,22,4.1129,6.4262,1.741,2010-03-22
2010,3,23,1.3822,6.1759,0.2038,2010-03-23
2010,3,24,3.7781,6.5069,2.2884,2010-03-24
2010,3,25,3.9934,6.3919,2.3642,2010-03-25
2010,3,26,5.1098,6.3902,4.6586,2010-03-26
2010,3,27,6.0041,6.4361,6.5256,2010-03-27
2010,3,28,5.6335,6.3653,5.9112,2010-03-28
2010,3,29,6.0516,6.4315,7.639,2010-03-29
2010,3,30,6.0706,6.4596,6.4325,2010-03-30
2010,3,31,6.2597,6.4442,8.3177,2010-03-31
2010,4,1,5.653,6.2844,7.1314,2010-04-01
2010,4,2,5.8039,6.2198,6.5426,2010-04-02
2010,4,3,5.293,6.0607,4.6908,2010-04-03
2010,4,4,2.1094,6.0326,0.6526,2010-04-04
2010,4,5,2.507,6.0502,0.7879,2010-04-05
2010,4,6,6.3509,6.4015,8.8975,2010-04-06
2010,4,7,6.211,6.3271,8.5404,2010-04-07
2010,4,8,5.8462,6.2496,7.9627,2010-04-08
2010,4,9,5.2118,6.0862,6.3274,2010-04-09
2010,4,10,6.0552,6.1262,8.5699,2010-04-10
2010,4,11,5.8303,6.0778,8.166,2010-04-11
2010,4,12,5.9203,5.9753,8.5368,2010-04-12
2010,4,13,5.8188,5.8447,8.3568,2010-04-13
2010,4,14,3.3622,5.5735,1.2636,2010-04-14
2010,4,15,4.2132,5.6182,3.073,2010-04-15
2010,4,16,5.5654,5.6311,7.1856,2010-04-16
2010,4,17,5.2608,5.5908,5.6909,2010-04-17
2010,4,18,4.8199,5.4204,3.7586,2010-04-18
2010,4,19,4.7422,5.3047,4.7376,2010-04-19
2010,4,20,4.9286,5.2702,5.1463,2010-04-20
2010,4,21,3.7361,5.0422,1.8746,2010-04-21
2010,4,22,3.0931,4.9685,1.6457,2010-04-22
2010,4,23,1.9058,5.3026,0.5774,2010-04-23
2010,4,24,2.0402,5.1595,0.1738,2010-04-24
2010,4,25,1.0927,4.9474,0.2926,2010-04-25
2010,4,26,2.317,4.9097,1.0978,2010-04-26
2010,4,27,4.6524,5.3191,5.1617,2010-04-27
2010,4,28,2.688,5.1384,1.4347,2010-04-28
2010,4,29,5.3232,5.3578,7.8665,2010-04-29
2010,4,30,5.2363,5.3904,7.9188,2010-04-30
2010,5,1,5.4264,5.4367,8.797,2010-05-01
2010,5,2,4.2014,5.0134,4.1472,2010-05-02
2010,5,3,1.1318,4.6476,0.6655,2010-05-03
2010,5,4,4.8307,4.9591,6.6946,2010-05-04
2010,5,5,5.0806,5.1276,8.0887,2010-05-05
2010,5,6,3.1063,4.783,2.573,2010-05-06
2010,5,7,1.1078,4.5828,0.6814,2010-05-07
2010,5,8,3.3132,4.9572,3.1375,2010-05-08
2010,5,9,5.1026,5.1725,8.2934,2010-05-09
2010,5,10,4.3788,5.0119,6.8069,2010-05-10
2010,5,11,4.2108,4.909,5.7667,2010-05-11
2010,5,12,4.1638,4.853,5.5435,2010-05-12
2010,5,13,4.0255,4.7818,4.3399,2010-05-13
2010,5,14,4.535,4.7369,6.1898,2010-05-14
2010,5,15,2.3138,4.4318,0.6475,2010-05-15
2010,5,16,0.4114,4.1635,0.1128,2010-05-16
2010,5,17,0.6235,4.3109,0.295,2010-05-17
2010,5,18,1.3843,4.3757,0.643,2010-05-18
2010,5,19,1.8221,4.4285,0.6194,2010-05-19
2010,5,20,1.8943,4.307,1.6277,2010-05-20
2010,5,21,3.2184,4.3879,3.2628,2010-05-21
2010,5,22,4.3044,4.3961,6.4685,2010-05-22
2010,5,23,1.8778,3.8222,0.1438,2010-05-23
2010,5,24,1.2372,4.1242,0.4567,2010-05-24
2010,5,25,4.553,4.5826,7.8386,2010-05-25
2010,5,26,4.3078,4.4496,6.6797,2010-05-26
2010,5,27,2.364,4.2019,0.323,2010-05-27
2010,5,28,3.4579,4.1815,3.9552,2010-05-28
2010,5,29,1.3128,3.7608,0.18,2010-05-29
2010,5,30,3.5054,4.193,4.231,2010-05-30
2010,5,31,3.69,4.4911,4.4974,2010-05-31
2010,6,1,4.434,4.4467,7.8173,2010-06-01
2010,6,2,4.1287,4.2202,6.3168,2010-06-02
2010,6,3,1.4333,3.7747,0.4886,2010-06-03
2010,6,4,1.1246,3.384,0.3432,2010-06-04
2010,6,5,4.2254,4.367,6.9622,2010-06-05
2010,6,6,4.4143,4.4194,7.7801,2010-06-06
2010,6,7,4.0224,4.2146,6.563,2010-06-07
2010,6,8,4.2595,4.2643,7.4734,2010-06-08
2010,6,9,3.8935,4.1033,5.5303,2010-06-09
2010,6,10,3.4258,4.075,4.4052,2010-06-10
2010,6,11,3.8146,3.9149,5.52,2010-06-11
2010,6,12,3.3806,3.8004,3.5998,2010-06-12
2010,6,13,2.9815,3.791,2.8015,2010-06-13
2010,6,14,2.4319,3.7906,0.2734,2010-06-14
2010,6,15,2.549,3.6067,0.7975,2010-06-15
2010,6,16,1.4818,3.6175,0.2978,2010-06-16
2010,6,17,2.1914,3.6516,1.4138,2010-06-17
2010,6,18,2.0098,3.6989,1.2492,2010-06-18
2010,6,19,2.0194,3.6178,2.208,2010-06-19
2010,6,20,1.1417,3.9605,0.1313,2010-06-20
2010,6,21,1.0025,4.0037,0.3091,2010-06-21
2010,6,22,3.8287,4.2739,5.0162,2010-06-22
2010,6,23,2.6107,3.5722,0.7985,2010-06-23
2010,6,24,3.5138,3.7762,4.4215,2010-06-24
2010,6,25,2.941,3.6228,3.115,2010-06-25
2010,6,26,3.4759,3.8256,5.1252,2010-06-26
2010,6,27,2.346,3.6588,2.5375,2010-06-27
2010,6,28,1.2149,3.8184,0.5016,2010-06-28
2010,6,29,1.5374,3.8378,0.8038,2010-06-29
2010,6,30,2.2524,3.6466,2.3726,2010-06-30
2010,7,1,3.7342,3.9216,5.3266,2010-07-01
2010,7,2,3.9458,3.9674,6.3833,2010-07-02
2010,7,3,3.9062,3.9883,5.9381,2010-07-03
2010,7,4,4.0198,4.0308,6.5386,2010-07-04
2010,7,5,3.9737,3.9926,6.2815,2010-07-05
2010,7,6,3.9187,3.9554,6.0182,2010-07-06
2010,7,7,1.7498,3.612,1.2538,2010-07-07
2010,7,8,1.8794,3.7622,1.1501,2010-07-08
2010,7,9,0.6545,3.7164,0.2419,2010-07-09
2010,7,10,3.2748,3.9398,3.9864,2010-07-10
2010,7,11,3.1042,3.8263,3.7512,2010-07-11
2010,7,12,0.9468,4.0735,0.2741,2010-07-12
2010,7,13,4.6308,4.6351,8.1264,2010-07-13
2010,7,14,4.4074,4.5698,6.9434,2010-07-14
2010,7,15,2.8994,4.4702,1.1474,2010-07-15
2010,7,16,2.2819,4.2137,1.0946,2010-07-16
2010,7,17,0.4997,3.9329,0.0389,2010-07-17
2010,7,18,0.4114,3.9466,0.0979,2010-07-18
2010,7,19,3.9029,4.507,4.5653,2010-07-19
2010,7,20,2.6136,4.1786,1.9018,2010-07-20
2010,7,21,1.1887,3.8244,0.649,2010-07-21
2010,7,22,1.4743,4.2734,0.7721,2010-07-22
2010,7,23,4.6094,4.692,7.3848,2010-07-23
2010,7,24,3.4296,4.1287,3.4219,2010-07-24
2010,7,25,1.685,4.2418,1.2682,2010-07-25
2010,7,26,4.7335,4.8281,7.4513,2010-07-26
2010,7,27,3.9974,4.547,4.8322,2010-07-27
2010,7,28,3.5374,4.2566,4.1875,2010-07-28
2010,7,29,3.9384,4.2691,4.6932,2010-07-29
2010,7,30,4.11,4.3118,5.0486,2010-07-30
2010,7,31,1.5701,3.8105,0.335,2010-07-31
2010,8,1,4.9169,4.968,7.8662,2010-08-01
2010,8,2,4.0188,4.9063,4.6697,2010-08-02
2010,8,3,2.7326,4.9109,1.3716,2010-08-03
2010,8,4,4.687,5.034,6.4774,2010-08-04
2010,8,5,5.0203,5.0986,7.7246,2010-08-05
2010,8,6,5.0873,5.1041,7.937,2010-08-06
2010,8,7,4.7179,4.7676,6.3341,2010-08-07
2010,8,8,4.1393,4.3726,4.2799,2010-08-08
2010,8,9,3.8621,4.638,3.7318,2010-08-09
2010,8,10,4.2242,4.4978,3.9336,2010-08-10
2010,8,11,4.5686,4.5758,5.6659,2010-08-11
2010,8,12,1.9596,3.9583,0.9257,2010-08-12
2010,8,13,2.3102,5.1137,1.7842,2010-08-13
2010,8,14,3.521,5.185,4.0198,2010-08-14
2010,8,15,5.5354,5.5392,8.5702,2010-08-15
2010,8,16,4.3594,4.837,4.3212,2010-08-16
2010,8,17,4.4086,4.4482,4.5605,2010-08-17
2010,8,18,3.9418,4.0589,3.3038,2010-08-18
2010,8,19,2.7646,3.5004,1.0174,2010-08-19
2010,8,20,3.0934,3.4142,1.7321,2010-08-20
2010,8,21,4.0159,4.1059,3.4877,2010-08-21
2010,8,22,4.5823,4.7131,4.4126,2010-08-22
2010,8,23,3.6732,3.9682,2.4026,2010-08-23
2010,8,24,1.9303,2.5512,0.3857,2010-08-24
2010,8,25,2.5529,2.971,0.7114,2010-08-25
2010,8,26,2.1511,3.0228,0.2357,2010-08-26
2010,8,27,1.4976,2.5387,0.2028,2010-08-27
2010,8,28,2.4343,2.8951,0.5309,2010-08-28
2010,8,29,1.1657,2.2903,0.0451,2010-08-29
2010,8,30,2.7564,3.4615,0.7934,2010-08-30
2010,8,31,3.4128,3.9977,1.393,2010-08-31
2010,9,1,1.8934,3.5923,0.2575,2010-09-01
2010,9,2,1.0409,4.5852,0.0322,2010-09-02
2010,9,3,1.2631,4.8355,0.047,2010-09-03
2010,9,4,5.9611,6.1531,7.6469,2010-09-04
2010,9,5,5.053,6.1764,4.2622,2010-09-05
2010,9,6,5.8375,6.2616,6.9458,2010-09-06
2010,9,7,6.1138,6.2875,8.0597,2010-09-07
2010,9,8,5.7434,6.1003,7.746,2010-09-08
2010,9,9,6.2618,6.3266,8.4343,2010-09-09
2010,9,10,5.2387,5.383,4.9387,2010-09-10
2010,9,11,1.4894,3.1358,0.1625,2010-09-11
2010,9,12,2.2262,3.4262,0.2136,2010-09-12
2010,9,13,0.8086,3.7073,0.0314,2010-09-13
2010,9,14,6.683,6.689,8.9347,2010-09-14
2010,9,15,6.7716,6.775,9.2429,2010-09-15
2010,9,16,6.5462,6.551,8.5157,2010-09-16
2010,9,17,3.4241,6.4123,1.6982,2010-09-17
2010,9,18,6.6382,6.6478,8.4396,2010-09-18
2010,9,19,4.4549,5.5529,1.3313,2010-09-19
2010,9,20,4.2946,5.0174,2.321,2010-09-20
2010,9,21,2.6496,3.3461,0.6324,2010-09-21
2010,9,22,2.5051,3.3305,0.337,2010-09-22
2010,9,23,1.5926,4.823,0.1886,2010-09-23
2010,9,24,6.4054,6.5916,6.8258,2010-09-24
2010,9,25,5.2279,6.6379,5.0515,2010-09-25
2010,9,26,3.4565,6.4262,1.747,2010-09-26
2010,9,27,2.159,5.3537,0.5362,2010-09-27
2010,9,28,5.0714,6.7759,4.002,2010-09-28
2010,9,29,4.0373,6.9574,2.4024,2010-09-29
2010,9,30,7.151,7.205,8.7566,2010-09-30
2010,10,1,3.2057,6.7987,1.7873,2010-10-01
2010,10,2,5.8886,7.0529,4.5384,2010-10-02
2010,10,3,4.6464,7.0186,2.7696,2010-10-03
2010,10,4,2.2303,6.7015,1.2979,2010-10-04
2010,10,5,7.0399,7.2674,8.3112,2010-10-05
2010,10,6,6.7685,7.0006,7.1729,2010-10-06
2010,10,7,5.742,7.128,4.951,2010-10-07
2010,10,8,7.6332,7.6627,9.7063,2010-10-08
2010,10,9,7.4251,7.4698,9.0034,2010-10-09
2010,10,10,7.4772,7.4858,9.4454,2010-10-10
2010,10,11,7.3301,7.429,8.6299,2010-10-11
2010,10,12,6.5858,7.2113,5.226,2010-10-12
2010,10,13,2.5512,6.3125,0.7236,2010-10-13
2010,10,14,3.7745,5.1677,0.7778,2010-10-14
2010,10,15,5.5481,6.3713,2.8366,2010-10-15
2010,10,16,2.136,6.7726,0.1423,2010-10-16
2010,10,17,2.5188,6.9737,0.7349,2010-10-17
2010,10,18,8.1461,8.207,10.2907,2010-10-18
2010,10,19,8.2186,8.2308,10.8482,2010-10-19
2010,10,20,8.1458,8.1624,10.5199,2010-10-20
2010,10,21,2.3647,6.7524,0.6552,2010-10-21
2010,10,22,1.8845,7.2041,0.1908,2010-10-22
2010,10,23,5.7814,7.465,3.6703,2010-10-23
2010,10,24,6.5986,7.5353,4.1342,2010-10-24
2010,10,25,4.9908,8.0143,4.4026,2010-10-25
2010,10,26,8.4398,8.4523,10.8924,2010-10-26
2010,10,27,8.4422,8.4734,10.663,2010-10-27
2010,10,28,8.195,8.2411,9.7164,2010-10-28
2010,10,29,5.6957,7.4806,4.0759,2010-10-29
2010,10,30,4.9855,8.238,4.4299,2010-10-30
2010,10,31,8.5538,8.5819,10.4441,2010-10-31
2010,11,1,8.5404,8.545,10.6042,2010-11-01
2010,11,2,8.6153,8.6237,11.3383,2010-11-02
2010,11,3,8.5903,8.6182,11.0974,2010-11-03
2010,11,4,8.0155,8.3532,8.1406,2010-11-04
2010,11,5,6.0662,7.931,4.8473,2010-11-05
2010,11,6,8.4382,8.4946,10.2907,2010-11-06
2010,11,7,8.6011,8.6143,10.7364,2010-11-07
2010,11,8,8.5234,8.5536,10.554,2010-11-08
2010,11,9,2.2608,7.7162,0.3286,2010-11-09
2010,11,10,8.8997,8.9083,11.1271,2010-11-10
2010,11,11,8.2553,8.8195,8.9018,2010-11-11
2010,11,12,8.687,8.7718,10.3697,2010-11-12
2010,11,13,7.9068,8.6028,7.8108,2010-11-13
2010,11,14,8.0844,8.5553,9.0247,2010-11-14
2010,11,15,3.2098,8.1166,1.3217,2010-11-15
2010,11,16,8.3009,8.5937,8.6316,2010-11-16
2010,11,17,7.7347,8.5663,8.329,2010-11-17
2010,11,18,8.4319,8.4667,9.3523,2010-11-18
2010,11,19,3.8938,8.0916,1.8257,2010-11-19
2010,11,20,7.5094,8.4029,6.5398,2010-11-20
2010,11,21,1.1148,8.0201,0.2868,2010-11-21
2010,11,22,6.2594,8.1677,3.7039,2010-11-22
2010,11,23,5.8666,8.3122,3.2148,2010-11-23
2010,11,24,5.3746,8.2387,2.7499,2010-11-24
2010,11,25,8.6326,8.7715,9.9756,2010-11-25
2010,11,26,8.8903,8.9282,11.0942,2010-11-26
2010,11,27,8.8706,8.9095,10.8418,2010-11-27
2010,11,28,3.2021,8.118,1.1527,2010-11-28
2010,11,29,2.9719,8.2764,1.6598,2010-11-29
2010,11,30,7.5869,8.6244,7.1071,2010-11-30
2010,12,1,6.498,8.4379,4.1918,2010-12-01
2010,12,2,7.5329,8.262,6.3386,2010-12-02
2010,12,3,4.0277,8.0957,1.7741,2010-12-03
2010,12,4,4.5074,7.841,1.7462,2010-12-04
2010,12,5,2.3482,7.9889,0.3098,2010-12-05
2010,12,6,5.273,8.2282,2.3088,2010-12-06
2010,12,7,7.2178,8.2877,6.1078,2010-12-07
2010,12,8,6.9238,8.3244,5.52,2010-12-08
2010,12,9,7.6246,8.5224,7.1107,2010-12-09
2010,12,10,2.9208,8.2298,1.4237,2010-12-10
2010,12,11,7.3978,8.2159,6.1339,2010-12-11
2010,12,12,4.8828,8.0914,1.2547,2010-12-12
2010,12,13,7.7054,9.1111,6.2618,2010-12-13
2010,12,14,9.1421,9.3358,10.9711,2010-12-14
2010,12,15,8.7106,9.2141,10.0466,2010-12-15
2010,12,16,7.8878,8.7991,7.5331,2010-12-16
2010,12,17,8.129,8.7888,8.448,2010-12-17
2010,12,18,8.0767,8.489,8.1091,2010-12-18
2010,12,19,8.0225,8.256,6.8316,2010-12-19
2010,12,20,6.7673,8.4967,5.0861,2010-12-20
2010,12,21,6.5083,8.3177,4.1126,2010-12-21
2010,12,22,6.0202,8.0131,3.799,2010-12-22
2010,12,23,6.7289,8.4005,5.0988,2010-12-23
2010,12,24,3.9943,8.3155,1.4381,2010-12-24
2010,12,25,6.1586,8.4931,3.9941,2010-12-25
2010,12,26,7.9138,8.8224,8.5193,2010-12-26
2010,12,27,8.2493,8.7022,8.5277,2010-12-27
2010,12,28,7.6022,8.7415,6.8614,2010-12-28
2010,12,29,7.7578,8.7761,8.1094,2010-12-29
2010,12,30,7.2914,8.6018,6.8002,2010-12-30
2010,12,31,2.454,8.3287,0.8057,2010-12-31
2011,1,1,6.0084,8.4845,4.3819,2011-01-01
2011,1,2,7.7724,8.6134,7.5341,2011-01-02
2011,1,3,7.9183,8.621,7.7796,2011-01-03
2011,1,4,8.335,8.687,8.725,2011-01-04
2011,1,5,6.3977,8.5361,5.3446,2011-01-05
2011,1,6,7.5955,8.5253,6.523,2011-01-06
2011,1,7,7.7474,8.3604,7.2072,2011-01-07
2011,1,8,7.5919,8.3045,6.7375,2011-01-08
2011,1,9,3.8734,8.0947,0.4022,2011-01-09
2011,1,10,7.3402,8.1607,5.5742,2011-01-10
2011,1,11,4.987,8.1938,2.4552,2011-01-11
2011,1,12,8.1415,8.7703,8.3755,2011-01-12
2011,1,13,8.1629,8.7739,8.4907,2011-01-13
2011,1,14,8.1984,8.7089,8.2248,2011-01-14
2011,1,15,5.8829,8.5877,3.4742,2011-01-15
2011,1,16,8.327,8.5906,9.0576,2011-01-16
2011,1,17,4.1906,8.2222,1.6049,2011-01-17
2011,1,18,6.9324,8.3131,4.9608,2011-01-18
2011,1,19,8.0004,8.5056,8.7206,2011-01-19
2011,1,20,2.5087,8.243,0.1478,2011-01-20
2011,1,21,7.3111,8.2584,6.2578,2011-01-21
2011,1,22,6.8717,8.1653,6.2561,2011-01-22
2011,1,23,5.1701,8.0261,3.0502,2011-01-23
2011,1,24,6.1795,7.967,3.6926,2011-01-24
2011,1,25,7.6644,8.2594,7.2826,2011-01-25
2011,1,26,7.5715,8.3592,6.8791,2011-01-26
2011,1,27,7.9114,8.3462,8.5462,2011-01-27
2011,1,28,7.4645,8.1324,6.0859,2011-01-28
2011,1,29,3.9127,7.9296,0.7625,2011-01-29
2011,1,30,7.6013,8.0148,7.3078,2011-01-30
2011,1,31,6.8623,8.1233,5.3326,2011-01-31
2011,2,1,2.4319,7.973,0.1462,2011-02-01
2011,2,2,6.455,7.9142,5.3165,2011-02-02
2011,2,3,7.4945,7.9555,7.1002,2011-02-03
2011,2,4,6.2662,7.7606,3.0113,2011-02-04
2011,2,5,2.9966,7.5396,1.0901,2011-02-05
2011,2,6,5.3191,7.7194,2.2531,2011-02-06
2011,2,7,4.9186,7.5338,1.5566,2011-02-07
2011,2,8,3.0691,7.0529,0.1378,2011-02-08
2011,2,9,3.8662,7.6824,1.9769,2011-02-09
2011,2,10,5.268,7.7158,3.1234,2011-02-10
2011,2,11,5.2658,7.4926,2.1106,2011-02-11
2011,2,12,3.7798,7.5672,1.2317,2011-02-12
2011,2,13,6.869,7.7909,6.0991,2011-02-13
2011,2,14,7.7909,8.1288,8.7845,2011-02-14
2011,2,15,7.8631,8.017,8.772,2011-02-15
2011,2,16,7.1892,7.831,7.1482,2011-02-16
2011,2,17,6.8165,7.6958,6.1375,2011-02-17
2011,2,18,6.9161,7.6171,6.6806,2011-02-18
2011,2,19,4.2274,7.5002,1.1851,2011-02-19
2011,2,20,4.9306,7.4201,2.0501,2011-02-20
2011,2,21,5.1847,7.4419,2.5373,2011-02-21
2011,2,22,5.6162,7.0342,2.9208,2011-02-22
2011,2,23,0.9797,7.254,0.2078,2011-02-23
2011,2,24,1.6387,7.3078,0.1378,2011-02-24
2011,2,25,2.9635,7.0529,0.4063,2011-02-25
2011,2,26,2.6686,7.2576,0.8323,2011-02-26
2011,2,27,6.4428,7.4676,6.3958,2011-02-27
2011,2,28,6.4966,7.469,5.4696,2011-02-28
2011,3,1,1.8893,6.943,0.3749,2011-03-01
2011,3,2,6.0202,7.1366,5.2205,2011-03-02
2011,3,3,5.1192,7.2031,3.7253,2011-03-03
2011,3,4,6.8664,7.4724,7.6202,2011-03-04
2011,3,5,6.8777,7.4722,8.0974,2011-03-05
2011,3,6,7.1722,7.3908,8.479,2011-03-06
2011,3,7,6.5779,7.3147,6.8669,2011-03-07
2011,3,8,6.5155,7.081,6.3612,2011-03-08
2011,3,9,6.0396,7.1093,4.9898,2011-03-09
2011,3,10,4.8938,6.9917,2.9686,2011-03-10
2011,3,11,6.8635,7.1254,7.4758,2011-03-11
2011,3,12,7.056,7.1702,8.7137,2011-03-12
2011,3,13,3.373,6.8568,0.6204,2011-03-13
2011,3,14,7.1496,7.2518,8.6407,2011-03-14
2011,3,15,7.1162,7.1561,8.8975,2011-03-15
2011,3,16,5.8286,7.1062,6.1728,2011-03-16
2011,3,17,6.6497,6.7838,7.979,2011-03-17
2011,3,18,2.1238,6.5777,0.4879,2011-03-18
2011,3,19,7.152,7.183,9.331,2011-03-19
2011,3,20,5.6316,6.6706,5.0321,2011-03-20
2011,3,21,6.2938,6.6571,7.0308,2011-03-21
2011,3,22,6.4579,6.6617,7.7088,2011-03-22
2011,3,23,3.1054,6.4466,0.9905,2011-03-23
2011,3,24,5.0285,6.359,4.8209,2011-03-24
2011,3,25,5.7418,6.4243,5.3902,2011-03-25
2011,3,26,5.6352,6.3235,5.7235,2011-03-26
2011,3,27,3.8563,6.217,1.8156,2011-03-27
2011,3,28,2.1871,5.9268,0.3979,2011-03-28
2011,3,29,2.8262,5.9928,0.6689,2011-03-29
2011,3,30,3.4865,6.0905,1.5504,2011-03-30
2011,3,31,3.5518,5.9945,2.7967,2011-03-31
2011,4,1,4.1251,5.9398,3.3929,2011-04-01
2011,4,2,3.907,6.1531,2.3851,2011-04-02
2011,4,3,5.4636,6.2412,6.2995,2011-04-03
2011,4,4,6.2186,6.2866,8.2596,2011-04-04
2011,4,5,6.2578,6.3312,8.5426,2011-04-05
2011,4,6,6.4034,6.4162,9.2722,2011-04-06
2011,4,7,6.4013,6.407,9.3653,2011-04-07
2011,4,8,6.0528,6.09,7.853,2011-04-08
2011,4,9,6.2544,6.2688,8.9338,2011-04-09
2011,4,10,6.2729,6.2981,9.0998,2011-04-10
2011,4,11,5.6484,6.0905,6.2275,2011-04-11
2011,4,12,4.835,5.7986,5.2265,2011-04-12
2011,4,13,4.1592,5.6026,3.5448,2011-04-13
2011,4,14,4.3531,5.5855,3.8131,2011-04-14
2011,4,15,1.0951,5.4986,0.1435,2011-04-15
2011,4,16,1.7911,5.4526,0.1723,2011-04-16
2011,4,17,5.4089,5.555,7.158,2011-04-17
2011,4,18,3.299,5.2505,1.0284,2011-04-18
2011,4,19,1.7532,5.2848,0.6434,2011-04-19
2011,4,20,4.999,5.357,6.1138,2011-04-20
2011,4,21,3.2866,5.2567,2.9278,2011-04-21
2011,4,22,4.745,5.3225,6.055,2011-04-22
2011,4,23,1.0471,5.0107,0.6826,2011-04-23
2011,4,24,4.6039,5.4372,6.4032,2011-04-24
2011,4,25,5.3419,5.5507,7.9385,2011-04-25
2011,4,26,5.5745,5.6143,8.5622,2011-04-26
2011,4,27,5.2442,5.3822,8.0801,2011-04-27
2011,4,28,5.0928,5.2596,7.1177,2011-04-28
2011,4,29,3.071,5.0237,2.2757,2011-04-29
2011,4,30,1.3262,4.9961,0.3134,2011-04-30
2011,5,1,3.4805,5.2174,3.9278,2011-05-01
2011,5,2,3.0523,5.2682,4.2518,2011-05-02
2011,5,3,4.524,5.2507,6.3338,2011-05-03
2011,5,4,5.2126,5.2538,8.0801,2011-05-04
2011,5,5,5.1305,5.1703,8.2682,2011-05-05
2011,5,6,4.9766,5.0362,7.5036,2011-05-06
2011,5,7,4.7419,4.8926,6.756,2011-05-07
2011,5,8,4.0375,4.5612,4.2617,2011-05-08
2011,5,9,2.9758,4.5298,1.1772,2011-05-09
2011,5,10,4.3718,4.6063,5.7929,2011-05-10
2011,5,11,1.9723,4.2996,0.4668,2011-05-11
2011,5,12,3.1673,4.3541,1.6423,2011-05-12
2011,5,13,4.2914,4.4786,5.833,2011-05-13
2011,5,14,1.2048,4.2756,0.2794,2011-05-14
2011,5,15,3.0046,4.5396,2.677,2011-05-15
2011,5,16,4.4189,4.7064,6.0684,2011-05-16
2011,5,17,4.0075,4.5898,5.9285,2011-05-17
2011,5,18,3.8066,4.4842,5.4638,2011-05-18
2011,5,19,4.5799,4.5917,7.4614,2011-05-19
2011,5,20,4.5694,4.5809,7.4532,2011-05-20
2011,5,21,4.2912,4.3754,6.6302,2011-05-21
2011,5,22,3.7243,4.1779,4.3534,2011-05-22
2011,5,23,1.5982,3.8345,0.3641,2011-05-23
2011,5,24,3.2424,4.0824,1.8638,2011-05-24
2011,5,25,2.6621,3.9384,1.3486,2011-05-25
2011,5,26,2.004,4.3548,1.4112,2011-05-26
2011,5,27,2.2262,4.3423,1.7489,2011-05-27
2011,5,28,4.1938,4.5478,5.7413,2011-05-28
2011,5,29,3.7332,4.3358,3.5122,2011-05-29
2011,5,30,4.0836,4.1453,6.2386,2011-05-30
2011,5,31,1.7479,3.8801,0.7142,2011-05-31
2011,6,1,3.0847,4.0104,2.6256,2011-06-01
2011,6,2,1.867,3.7318,0.437,2011-06-02
2011,6,3,3.119,3.8318,3.4478,2011-06-03
2011,6,4,2.5344,4.3188,3.4104,2011-06-04
2011,6,5,4.4062,4.4102,7.655,2011-06-05
2011,6,6,2.4617,3.7723,1.02,2011-06-06
2011,6,7,1.7275,4.2247,2.5097,2011-06-07
2011,6,8,2.8704,4.1599,1.7729,2011-06-08
2011,6,9,3.7553,4.189,4.9526,2011-06-09
2011,6,10,3.9074,4.0822,5.2819,2011-06-10
2011,6,11,4.2324,4.237,7.2014,2011-06-11
2011,6,12,3.4018,3.9142,4.9522,2011-06-12
2011,6,13,1.2446,3.6641,0.5748,2011-06-13
2011,6,14,3.5616,3.9538,5.255,2011-06-14
2011,6,15,3.917,3.9307,6.1111,2011-06-15
2011,6,16,3.569,3.7939,4.925,2011-06-16
2011,6,17,3.3278,3.5866,4.0632,2011-06-17
2011,6,18,3.5422,3.6458,4.8367,2011-06-18
2011,6,19,1.7911,3.6048,0.4478,2011-06-19
2011,6,20,2.2392,3.5976,0.4058,2011-06-20
2011,6,21,1.9466,3.5736,0.5724,2011-06-21
2011,6,22,1.2252,3.6641,0.2863,2011-06-22
2011,6,23,1.3277,3.577,0.2287,2011-06-23
2011,6,24,1.1105,3.6031,0.2609,2011-06-24
2011,6,25,1.1942,3.5774,0.4217,2011-06-25
2011,6,26,2.6273,4.2775,4.6147,2011-06-26
2011,6,27,4.1995,4.3817,7.5962,2011-06-27
2011,6,28,3.097,4.2026,4.0253,2011-06-28
2011,6,29,3.4692,3.9456,4.1978,2011-06-29
2011,6,30,1.5806,3.222,1.0992,2011-06-30
2011,7,1,2.7317,3.8129,3.1442,2011-07-01
2011,7,2,2.2656,3.8726,1.4436,2011-07-02
2011,7,3,3.3569,4.1741,2.5553,2011-07-03
2011,7,4,2.7396,4.1018,0.4229,2011-07-04
2011,7,5,2.79,3.8486,1.8199,2011-07-05
2011,7,6,3.618,4.11,4.9666,2011-07-06
2011,7,7,4.0694,4.2298,5.6798,2011-07-07
2011,7,8,3.8542,4.356,4.4724,2011-07-08
2011,7,9,3.2642,4.0469,3.8518,2011-07-09
2011,7,10,3.1229,3.7668,3.2779,2011-07-10
2011,7,11,3.5095,4.0853,3.2966,2011-07-11
2011,7,12,2.964,3.7639,2.7641,2011-07-12
2011,7,13,2.8836,3.7771,2.2562,2011-07-13
2011,7,14,3.6314,3.845,4.2307,2011-07-14
2011,7,15,3.3482,3.8693,4.4748,2011-07-15
2011,7,16,2.1814,3.6538,1.483,2011-07-16
2011,7,17,0.6756,3.6216,0.2386,2011-07-17
2011,7,18,1.0954,4.0171,0.3629,2011-07-18
2011,7,19,1.9774,3.6434,1.4225,2011-07-19
2011,7,20,0.7154,3.8011,0.0756,2011-07-20
2011,7,21,4.2857,4.4813,6.2278,2011-07-21
2011,7,22,4.6781,4.7071,7.8761,2011-07-22
2011,7,23,4.6169,4.6238,7.579,2011-07-23
2011,7,24,4.2305,4.2758,6.3396,2011-07-24
2011,7,25,4.3154,4.3174,6.6456,2011-07-25
2011,7,26,3.8851,4.2055,4.801,2011-07-26
2011,7,27,3.7224,4.3682,5.191,2011-07-27
2011,7,28,3.7613,4.3003,4.5454,2011-07-28
2011,7,29,3.8832,4.1782,4.439,2011-07-29
2011,7,30,1.2893,4.4064,0.4488,2011-07-30
2011,7,31,0.7884,4.313,0.311,2011-07-31
2011,8,1,1.2194,4.6826,0.9228,2011-08-01
2011,8,2,3.2131,4.9015,2.8495,2011-08-02
2011,8,3,5.0366,5.0513,8.0213,2011-08-03
2011,8,4,5.0683,5.0765,7.915,2011-08-04
2011,8,5,4.6901,4.8602,6.8069,2011-08-05
2011,8,6,3.7606,4.5602,3.3828,2011-08-06
2011,8,7,4.4568,4.6106,5.7074,2011-08-07
2011,8,8,3.7322,4.4381,3.0773,2011-08-08
2011,8,9,2.8723,4.9481,2.2327,2011-08-09
2011,8,10,4.9752,5.0518,7.3625,2011-08-10
2011,8,11,4.6411,4.6997,6.1202,2011-08-11
2011,8,12,4.8895,4.9015,7.0822,2011-08-12
2011,8,13,4.5686,4.8326,5.5075,2011-08-13
2011,8,14,1.4674,4.5202,0.1217,2011-08-14
2011,8,15,4.1779,4.7794,4.2713,2011-08-15
2011,8,16,4.2994,4.7304,4.217,2011-08-16
2011,8,17,3.4898,4.7434,2.7084,2011-08-17
2011,8,18,2.8188,4.5888,1.7014,2011-08-18
2011,8,19,0.5777,5.1398,0.1927,2011-08-19
2011,8,20,4.9404,5.6246,5.5051,2011-08-20
2011,8,21,3.6156,5.6182,1.6622,2011-08-21
2011,8,22,1.1165,5.1324,0.3432,2011-08-22
2011,8,23,4.4227,5.723,5.8301,2011-08-23
2011,8,24,5.0801,5.6023,5.407,2011-08-24
2011,8,25,4.2962,5.1497,4.2739,2011-08-25
2011,8,26,4.9781,5.1751,5.4012,2011-08-26
2011,8,27,4.6778,4.9476,4.2948,2011-08-27
2011,8,28,4.4014,4.6375,3.3691,2011-08-28
2011,8,29,4.3056,4.9934,2.7425,2011-08-29
2011,8,30,5.399,5.7427,6.7438,2011-08-30
2011,8,31,6.329,6.3377,9.5695,2011-08-31
2011,9,1,6.3571,6.3718,9.3137,2011-09-01
2011,9,2,6.0619,6.0665,8.3551,2011-09-02
2011,9,3,5.9431,5.9621,7.877,2011-09-03
2011,9,4,4.2708,4.7964,3.469,2011-09-04
2011,9,5,2.7202,3.8453,0.3418,2011-09-05
2011,9,6,4.4777,5.6712,3.4781,2011-09-06
2011,9,7,2.8162,5.4252,0.4894,2011-09-07
2011,9,8,1.5226,5.3347,0.2122,2011-09-08
2011,9,9,6.2702,6.3746,8.2824,2011-09-09
2011,9,10,6.2422,6.2618,7.9562,2011-09-10
2011,9,11,6.4622,6.4694,8.7086,2011-09-11
2011,9,12,6.7514,6.7594,9.6662,2011-09-12
2011,9,13,6.7133,6.7231,9.3794,2011-09-13
2011,9,14,6.3838,6.4164,8.159,2011-09-14
2011,9,15,2.8718,5.8961,0.995,2011-09-15
2011,9,16,5.3381,5.7012,4.3646,2011-09-16
2011,9,17,0.4682,5.0676,0.0746,2011-09-17
2011,9,18,1.9402,5.7228,0.0766,2011-09-18
2011,9,19,1.0735,5.5169,0.0571,2011-09-19
2011,9,20,6.5686,6.7646,7.6325,2011-09-20
2011,9,21,6.9295,7.0656,9.3768,2011-09-21
2011,9,22,6.7757,6.869,8.3986,2011-09-22
2011,9,23,5.2992,6.5873,3.1625,2011-09-23
2011,9,24,6.2755,6.9079,6.5652,2011-09-24
2011,9,25,6.9511,6.9862,8.8615,2011-09-25
2011,9,26,7.0229,7.0289,9.3684,2011-09-26
2011,9,27,7.1772,7.1837,9.7555,2011-09-27
2011,9,28,7.295,7.3306,9.822,2011-09-28
2011,9,29,6.4373,6.6907,7.013,2011-09-29
2011,9,30,6.1774,6.335,5.9131,2011-09-30
2011,10,1,0.6811,5.6698,0.1318,2011-10-01
2011,10,2,6.2057,6.799,6.1814,2011-10-02
2011,10,3,7.1575,7.3051,8.6794,2011-10-03
2011,10,4,5.4554,7.2065,3.7939,2011-10-04
2011,10,5,7.2082,7.2305,8.597,2011-10-05
2011,10,6,7.0392,7.1095,8.0858,2011-10-06
2011,10,7,6.9535,7.0138,7.5886,2011-10-07
2011,10,8,5.088,6.4949,3.0986,2011-10-08
2011,10,9,2.7703,6.2645,0.5299,2011-10-09
2011,10,10,5.689,7.2473,4.83,2011-10-10
2011,10,11,6.1795,7.4407,5.6911,2011-10-11
2011,10,12,1.8806,6.7087,0.2657,2011-10-12
2011,10,13,3.5458,6.6605,0.5594,2011-10-13
2011,10,14,4.2403,7.1122,1.4779,2011-10-14
2011,10,15,4.0351,7.2463,2.5606,2011-10-15
2011,10,16,7.4525,7.8209,8.7974,2011-10-16
2011,10,17,8.0628,8.0798,10.5259,2011-10-17
2011,10,18,7.8538,7.8874,9.8251,2011-10-18
2011,10,19,7.5367,7.7244,8.3542,2011-10-19
2011,10,20,7.1741,7.6951,7.4462,2011-10-20
2011,10,21,7.5127,7.7028,8.173,2011-10-21
2011,10,22,7.3476,7.6934,7.6301,2011-10-22
2011,10,23,7.3466,7.6608,7.4114,2011-10-23
2011,10,24,5.3803,7.2122,3.0598,2011-10-24
2011,10,25,5.2373,7.849,4.6831,2011-10-25
2011,10,26,7.1266,8.1756,6.6245,2011-10-26
2011,10,27,6.9019,8.0465,6.0238,2011-10-27
2011,10,28,7.0058,7.6963,6.3108,2011-10-28
2011,10,29,4.8046,7.2062,1.873,2011-10-29
2011,10,30,7.8718,8.0513,7.7009,2011-10-30
2011,10,31,8.537,8.5447,10.8466,2011-10-31
2011,11,1,8.3162,8.4437,9.791,2011-11-01
2011,11,2,8.1766,8.2217,9.641,2011-11-02
2011,11,3,8.3362,8.4065,9.9449,2011-11-03
2011,11,4,8.2562,8.2918,9.714,2011-11-04
2011,11,5,1.2365,7.6555,0.3826,2011-11-05
2011,11,6,5.9165,7.9085,4.3284,2011-11-06
2011,11,7,7.7011,8.1636,7.8979,2011-11-07
2011,11,8,7.7184,8.2517,8.9028,2011-11-08
2011,11,9,7.662,8.2541,6.8035,2011-11-09
2011,11,10,2.7931,7.8682,0.1795,2011-11-10
2011,11,11,7.6538,8.1718,7.2617,2011-11-11
2011,11,12,6.1123,7.9942,3.2654,2011-11-12
2011,11,13,0.7178,8.0357,0.1202,2011-11-13
2011,11,14,3.3473,7.9548,1.1321,2011-11-14
2011,11,15,6.8599,8.1329,5.3645,2011-11-15
2011,11,16,8.4962,8.7166,10.003,2011-11-16
2011,11,17,8.0542,8.6045,8.0258,2011-11-17
2011,11,18,8.033,8.5654,8.7934,2011-11-18
2011,11,19,8.1182,8.305,8.441,2011-11-19
2011,11,20,4.0291,8.0234,1.6409,2011-11-20
2011,11,21,3.3962,8.1038,2.5145,2011-11-21
2011,11,22,3.9883,8.5706,3.5021,2011-11-22
2011,11,23,8.5978,8.832,10.1832,2011-11-23
2011,11,24,5.9902,8.5051,3.541,2011-11-24
2011,11,25,8.741,8.8111,10.248,2011-11-25
2011,11,26,8.2219,8.7437,7.7436,2011-11-26
2011,11,27,8.4511,8.8577,8.5193,2011-11-27
2011,11,28,8.5618,8.7274,9.618,2011-11-28
2011,11,29,7.709,8.6755,8.0777,2011-11-29
2011,11,30,5.9854,8.6162,4.7429,2011-11-30
2011,12,1,8.9851,9.1094,10.4974,2011-12-01
2011,12,2,9.2381,9.3082,11.6105,2011-12-02
2011,12,3,8.5723,8.97,8.7953,2011-12-03
2011,12,4,5.9976,8.6455,3.245,2011-12-04
2011,12,5,2.0237,8.0724,0.1846,2011-12-05
2011,12,6,5.1653,8.4331,2.5262,2011-12-06
2011,12,7,4.3714,8.0808,0.4001,2011-12-07
2011,12,8,5.9628,8.2234,2.4636,2011-12-08
2011,12,9,7.1023,8.6328,6.0806,2011-12-09
2011,12,10,8.9386,8.9786,10.3214,2011-12-10
2011,12,11,8.8594,9.1308,9.8383,2011-12-11
2011,12,12,8.3232,8.831,7.7191,2011-12-12
2011,12,13,8.0398,8.6818,6.9655,2011-12-13
2011,12,14,8.9666,9.1214,10.1414,2011-12-14
2011,12,15,7.9442,8.8663,7.3766,2011-12-15
2011,12,16,7.4352,8.6494,5.7082,2011-12-16
2011,12,17,8.0986,8.7672,7.0591,2011-12-17
2011,12,18,8.2056,8.9042,8.4655,2011-12-18
2011,12,19,8.9222,9.0655,9.8623,2011-12-19
2011,12,20,8.8932,9.0638,9.7642,2011-12-20
2011,12,21,8.153,8.5826,7.3678,2011-12-21
2011,12,22,8.3993,8.623,8.6275,2011-12-22
2011,12,23,7.1458,8.448,4.4731,2011-12-23
2011,12,24,1.5955,8.1761,0.1274,2011-12-24
2011,12,25,3.239,8.2253,1.3291,2011-12-25
2011,12,26,7.0414,8.3009,5.2214,2011-12-26
2011,12,27,7.5554,8.4478,6.6746,2011-12-27
2011,12,28,7.867,8.6026,6.4894,2011-12-28
2011,12,29,8.394,8.7101,8.0174,2011-12-29
2011,12,30,4.5874,8.4302,1.2151,2011-12-30
2011,12,31,8.3806,8.9045,8.7151,2011-12-31
2012,1,1,8.4154,8.8606,9.03,2012-01-01
2012,1,2,8.3146,8.7874,8.1242,2012-01-02
2012,1,3,8.9645,9.1013,10.7374,2012-01-03
2012,1,4,8.3974,8.7607,8.1962,2012-01-04
2012,1,5,8.317,9.042,7.9075,2012-01-05
2012,1,6,8.9237,8.9964,10.7515,2012-01-06
2012,1,7,7.7856,8.778,7.3992,2012-01-07
2012,1,8,7.6526,8.2447,6.383,2012-01-08
2012,1,9,8.0604,8.4266,7.8221,2012-01-09
2012,1,10,8.3774,8.7379,9.2861,2012-01-10
2012,1,11,7.2434,8.2848,5.6724,2012-01-11
2012,1,12,2.7854,7.9606,0.024,2012-01-12
2012,1,13,4.9968,8.0059,2.1331,2012-01-13
2012,1,14,7.8329,8.6803,7.4616,2012-01-14
2012,1,15,8.9179,8.9592,10.747,2012-01-15
2012,1,16,8.9191,8.9837,11.0095,2012-01-16
2012,1,17,8.8289,8.9246,10.9224,2012-01-17
2012,1,18,8.0933,8.6042,7.5811,2012-01-18
2012,1,19,7.464,8.261,6.7382,2012-01-19
2012,1,20,6.8227,8.2778,5.2322,2012-01-20
2012,1,21,8.1058,8.4643,8.2495,2012-01-21
2012,1,22,5.6688,8.1365,2.2174,2012-01-22
2012,1,23,7.2929,8.1876,6.1474,2012-01-23
2012,1,24,4.7326,8.0014,1.1784,2012-01-24
2012,1,25,7.1086,8.4514,3.9509,2012-01-25
2012,1,26,8.5306,8.6436,10.0526,2012-01-26
2012,1,27,8.3458,8.7094,9.6,2012-01-27
2012,1,28,8.0035,8.4317,8.4072,2012-01-28
2012,1,29,8.3083,8.4578,9.7723,2012-01-29
2012,1,30,7.6464,8.274,7.638,2012-01-30
2012,1,31,6.1471,7.9958,3.3886,2012-01-31
2012,2,1,2.251,7.7179,0.041,2012-02-01
2012,2,2,6.511,7.8898,4.8763,2012-02-02
2012,2,3,5.8675,7.8691,3.3115,2012-02-03
2012,2,4,7.4477,8.0201,7.6116,2012-02-04
2012,2,5,7.7021,8.0832,8.3107,2012-02-05
2012,2,6,7.0908,8.0988,6.6466,2012-02-06
2012,2,7,7.0248,8.0714,6.569,2012-02-07
2012,2,8,7.655,8.0388,7.8866,2012-02-08
2012,2,9,3.8916,7.5744,1.3087,2012-02-09
2012,2,10,7.7443,8.0765,8.1336,2012-02-10
2012,2,11,8.5704,8.5872,11.015,2012-02-11
2012,2,12,8.4326,8.6074,10.789,2012-02-12
2012,2,13,8.3942,8.4329,10.3493,2012-02-13
2012,2,14,7.5355,7.9675,8.2841,2012-02-14
2012,2,15,6.6478,7.8408,6.7526,2012-02-15
2012,2,16,7.097,7.6682,6.3977,2012-02-16
2012,2,17,7.0913,7.7741,6.7589,2012-02-17
2012,2,18,7.6956,7.8936,8.3446,2012-02-18
2012,2,19,7.4412,7.8463,8.1734,2012-02-19
2012,2,20,7.0795,7.6735,7.6939,2012-02-20
2012,2,21,4.6433,7.3301,3.1862,2012-02-21
2012,2,22,4.2835,7.2958,1.657,2012-02-22
2012,2,23,4.0826,7.5122,0.9079,2012-02-23
2012,2,24,4.878,7.4796,2.6714,2012-02-24
2012,2,25,5.1377,7.1016,2.7374,2012-02-25
2012,2,26,4.0099,7.2542,0.2964,2012-02-26
2012,2,27,5.177,7.339,3.3046,2012-02-27
2012,2,28,5.6734,7.1897,3.8076,2012-02-28
2012,2,29,6.5357,7.2473,5.8874,2012-02-29
2012,3,1,1.8653,7.2031,0.4481,2012-03-01
2012,3,2,7.776,7.8058,10.0219,2012-03-02
2012,3,3,7.6627,7.764,9.7838,2012-03-03
2012,3,4,7.3212,7.5715,9.1294,2012-03-04
2012,3,5,7.2797,7.4796,9.0029,2012-03-05
2012,3,6,7.1945,7.3774,8.9112,2012-03-06
2012,3,7,6.9094,7.2665,8.0299,2012-03-07
2012,3,8,6.7639,7.1431,7.6356,2012-03-08
2012,3,9,6.6794,7.1076,7.0846,2012-03-09
2012,3,10,7.0296,7.1448,8.4684,2012-03-10
2012,3,11,6.8203,7.151,7.6762,2012-03-11
2012,3,12,6.6528,7.1093,7.6687,2012-03-12
2012,3,13,5.5882,6.9866,4.2821,2012-03-13
2012,3,14,2.6364,6.4754,0.1966,2012-03-14
2012,3,15,7.099,7.2151,8.7566,2012-03-15
2012,3,16,7.3049,7.3404,9.8491,2012-03-16
2012,3,17,6.1574,6.9319,6.0278,2012-03-17
2012,3,18,6.5482,6.8666,7.53,2012-03-18
2012,3,19,6.3432,6.8791,8.0964,2012-03-19
2012,3,20,4.8406,6.6672,1.385,2012-03-20
2012,3,21,2.2313,6.631,1.7186,2012-03-21
2012,3,22,1.9886,6.2741,0.1181,2012-03-22
2012,3,23,6.9245,6.9506,9.4562,2012-03-23
2012,3,24,6.8203,6.8765,9.047,2012-03-24
2012,3,25,5.9626,6.6569,5.4761,2012-03-25
2012,3,26,0.6022,6.209,0.4171,2012-03-26
2012,3,27,5.5015,6.7399,4.9771,2012-03-27
2012,3,28,7.0553,7.0666,10.356,2012-03-28
2012,3,29,6.9706,6.9864,10.1479,2012-03-29
2012,3,30,6.7018,6.721,9.3005,2012-03-30
2012,3,31,6.7219,6.7416,9.4572,2012-03-31
2012,4,1,6.5614,6.6029,9.251,2012-04-01
2012,4,2,3.3509,6.3218,0.559,2012-04-02
2012,4,3,5.4955,6.2105,5.472,2012-04-03
2012,4,4,5.353,5.9878,4.8173,2012-04-04
2012,4,5,3.5153,5.8301,2.3393,2012-04-05
2012,4,6,4.0217,5.855,3.2654,2012-04-06
2012,4,7,4.625,5.9249,3.8856,2012-04-07
2012,4,8,3.6334,5.7494,2.4967,2012-04-08
2012,4,9,2.634,5.6964,0.2407,2012-04-09
2012,4,10,2.1818,5.5512,0.7214,2012-04-10
2012,4,11,3.8021,5.5879,1.8593,2012-04-11
2012,4,12,4.4885,5.5886,3.8698,2012-04-12
2012,4,13,4.5065,5.4914,3.2914,2012-04-13
2012,4,14,1.8396,5.353,0.5285,2012-04-14
2012,4,15,5.7526,5.8087,8.0556,2012-04-15
2012,4,16,5.8318,5.845,8.5766,2012-04-16
2012,4,17,5.7487,5.7684,8.2224,2012-04-17
2012,4,18,5.4878,5.628,7.1246,2012-04-18
2012,4,19,1.986,5.3081,0.0773,2012-04-19
2012,4,20,0.6276,5.1101,0.2743,2012-04-20
2012,4,21,5.0916,5.5334,6.5743,2012-04-21
2012,4,22,5.561,5.5697,8.3208,2012-04-22
2012,4,23,5.1374,5.465,6.6722,2012-04-23
2012,4,24,3.6691,5.1442,2.213,2012-04-24
2012,4,25,0.7138,4.8655,0.2244,2012-04-25
2012,4,26,2.8716,5.1878,2.695,2012-04-26
2012,4,27,4.697,5.2594,5.4235,2012-04-27
2012,4,28,1.7873,5.0717,0.8306,2012-04-28
2012,4,29,3.3326,5.2171,4.8302,2012-04-29
2012,4,30,5.1768,5.3393,7.5151,2012-04-30
2012,5,1,5.3753,5.4415,8.2774,2012-05-01
2012,5,2,5.3578,5.4022,8.4679,2012-05-02
2012,5,3,5.1434,5.215,8.0556,2012-05-03
2012,5,4,5.0208,5.0772,7.7438,2012-05-04
2012,5,5,4.8838,5.0256,7.3951,2012-05-05
2012,5,6,4.9109,5.0093,7.6685,2012-05-06
2012,5,7,4.8341,4.963,7.2804,2012-05-07
2012,5,8,4.793,4.8905,7.2055,2012-05-08
2012,5,9,4.7592,4.8338,7.2058,2012-05-09
2012,5,10,3.7555,4.7237,3.8282,2012-05-10
2012,5,11,3.6814,4.2979,4.0697,2012-05-11
2012,5,12,4.4746,4.7942,5.9182,2012-05-12
2012,5,13,4.9022,5.0597,7.3603,2012-05-13
2012,5,14,4.9217,4.9411,8.1641,2012-05-14
2012,5,15,3.857,4.5751,5.1742,2012-05-15
2012,5,16,4.577,4.5958,7.314,2012-05-16
2012,5,17,4.5641,4.6186,7.4234,2012-05-17
2012,5,18,4.4558,4.5221,6.7512,2012-05-18
2012,5,19,4.2888,4.4388,5.9453,2012-05-19
2012,5,20,4.2468,4.3807,6.1565,2012-05-20
2012,5,21,2.1502,4.1551,0.0718,2012-05-21
2012,5,22,4.2502,4.2763,6.3787,2012-05-22
2012,5,23,0.6142,3.9439,0.1978,2012-05-23
2012,5,24,2.6642,4.2103,2.424,2012-05-24
2012,5,25,2.1216,4.2742,1.128,2012-05-25
2012,5,26,3.181,4.1558,2.8282,2012-05-26
2012,5,27,1.8816,3.8501,0.6754,2012-05-27
2012,5,28,3.3823,3.9718,4.4021,2012-05-28
2012,5,29,3.9485,4.1316,5.6316,2012-05-29
2012,5,30,1.129,3.943,0.4757,2012-05-30
2012,5,31,1.9805,4.0714,1.5701,2012-05-31
2012,6,1,3.6492,4.2475,5.4845,2012-06-01
2012,6,2,2.52,3.8462,2.5111,2012-06-02
2012,6,3,1.1537,3.8134,0.3967,2012-06-03
2012,6,4,1.2624,4.0817,0.7178,2012-06-04
2012,6,5,3.959,4.289,6.677,2012-06-05
2012,6,6,2.9875,4.2847,3.6744,2012-06-06
2012,6,7,4.1203,4.4498,7.3932,2012-06-07
2012,6,8,4.517,4.5295,8.3678,2012-06-08
2012,6,9,4.129,4.3188,6.8882,2012-06-09
2012,6,10,1.3037,3.5484,1.1599,2012-06-10
2012,6,11,3.504,3.9394,4.4496,2012-06-11
2012,6,12,3.8446,3.9293,5.9575,2012-06-12
2012,6,13,3.0386,3.846,2.4163,2012-06-13
2012,6,14,3.2858,3.8124,3.0629,2012-06-14
2012,6,15,3.6113,3.7925,4.895,2012-06-15
2012,6,16,2.7048,3.7015,3.0134,2012-06-16
2012,6,17,2.0575,3.6005,1.495,2012-06-17
2012,6,18,1.4902,3.6734,1.895,2012-06-18
2012,6,19,1.253,3.5534,0.4754,2012-06-19
2012,6,20,1.7525,4.0361,0.7042,2012-06-20
2012,6,21,2.7082,3.7524,1.697,2012-06-21
2012,6,22,1.8931,4.1208,1.5384,2012-06-22
2012,6,23,4.2221,4.224,7.2067,2012-06-23
2012,6,24,3.8218,4.0349,5.3287,2012-06-24
2012,6,25,1.6471,3.8686,0.48,2012-06-25
2012,6,26,3.3907,3.9242,4.2475,2012-06-26
2012,6,27,3.8774,3.9706,5.9702,2012-06-27
2012,6,28,3.6026,3.9463,5.4127,2012-06-28
2012,6,29,3.4658,3.8678,5.3366,2012-06-29
2012,6,30,2.6429,3.7685,1.8734,2012-06-30
2012,7,1,3.947,4.0519,6.4349,2012-07-01
2012,7,2,3.9658,4.0094,6.2009,2012-07-02
2012,7,3,1.4326,3.8995,1.7194,2012-07-03
2012,7,4,2.7245,3.8832,3.75,2012-07-04
2012,7,5,0.7987,3.4644,0.2314,2012-07-05
2012,7,6,0.8998,3.971,0.168,2012-07-06
2012,7,7,3.4289,4.427,4.7201,2012-07-07
2012,7,8,4.5444,4.554,8.0707,2012-07-08
2012,7,9,1.5958,3.8842,0.4877,2012-07-09
2012,7,10,2.3549,3.6511,1.0265,2012-07-10
2012,7,11,3.3898,4.2206,2.3695,2012-07-11
2012,7,12,4.4566,4.4683,7.6435,2012-07-12
2012,7,13,4.3754,4.4642,7.284,2012-07-13
2012,7,14,4.1278,4.3154,5.9938,2012-07-14
2012,7,15,1.9625,4.2881,1.0817,2012-07-15
2012,7,16,3.6854,4.2139,4.4143,2012-07-16
2012,7,17,4.3318,4.4292,6.8743,2012-07-17
2012,7,18,4.5722,4.637,7.5655,2012-07-18
2012,7,19,4.5938,4.6514,7.8653,2012-07-19
2012,7,20,4.4794,4.6046,7.1974,2012-07-20
2012,7,21,4.0699,4.5283,4.7846,2012-07-21
2012,7,22,3.851,4.3298,4.6793,2012-07-22
2012,7,23,4.3896,4.453,6.2669,2012-07-23
2012,7,24,2.1247,4.122,1.4134,2012-07-24
2012,7,25,4.3042,4.4314,5.934,2012-07-25
2012,7,26,1.3992,4.1306,1.1669,2012-07-26
2012,7,27,4.5943,4.6522,7.0279,2012-07-27
2012,7,28,2.1156,4.1227,0.9106,2012-07-28
2012,7,29,0.6406,3.9737,0.169,2012-07-29
2012,7,30,3.095,4.3726,2.8126,2012-07-30
2012,7,31,2.9266,4.3567,2.3825,2012-07-31
2012,8,1,4.4014,4.445,6.1219,2012-08-01
2012,8,2,4.6721,4.6903,7.0742,2012-08-02
2012,8,3,4.5158,4.6728,5.8896,2012-08-03
2012,8,4,4.2058,4.4292,5.2078,2012-08-04
2012,8,5,2.1137,4.3546,1.0495,2012-08-05
2012,8,6,3.786,4.3166,3.6324,2012-08-06
2012,8,7,4.7563,4.7868,6.8916,2012-08-07
2012,8,8,4.3469,4.5144,5.155,2012-08-08
2012,8,9,5.0254,5.0606,7.5161,2012-08-09
2012,8,10,4.4446,4.7789,4.8439,2012-08-10
2012,8,11,4.626,4.8014,5.9002,2012-08-11
2012,8,12,3.1438,4.6728,0.8254,2012-08-12
2012,8,13,4.0423,4.6298,3.5033,2012-08-13
2012,8,14,5.1199,5.1869,7.2434,2012-08-14
2012,8,15,3.5794,4.699,1.8943,2012-08-15
2012,8,16,4.0862,4.7654,4.0577,2012-08-16
2012,8,17,4.788,4.8694,6.0223,2012-08-17
2012,8,18,2.4026,4.6327,0.5969,2012-08-18
2012,8,19,3.8234,4.4614,2.1593,2012-08-19
2012,8,20,2.4934,4.4702,0.3278,2012-08-20
2012,8,21,5.1281,5.2272,6.6077,2012-08-21
2012,8,22,5.262,5.3158,7.115,2012-08-22
2012,8,23,5.2428,5.3465,6.8906,2012-08-23
2012,8,24,3.5189,4.7906,3.0948,2012-08-24
2012,8,25,1.2019,4.7297,0.1068,2012-08-25
2012,8,26,1.8449,5.0554,0.6223,2012-08-26
2012,8,27,1.446,5.5675,0.1334,2012-08-27
2012,8,28,5.3657,5.9866,6.8522,2012-08-28
2012,8,29,6.0725,6.0833,8.911,2012-08-29
2012,8,30,5.9316,5.9626,8.255,2012-08-30
2012,8,31,5.7058,5.7396,7.3927,2012-08-31
2012,9,1,4.7563,5.645,3.4114,2012-09-01
2012,9,2,4.3094,5.4257,2.1727,2012-09-02
2012,9,3,5.6064,5.7086,6.6012,2012-09-03
2012,9,4,5.4842,5.5699,6.2268,2012-09-04
2012,9,5,4.0786,5.0486,3.931,2012-09-05
2012,9,6,4.1366,4.8566,2.435,2012-09-06
2012,9,7,3.7682,4.7971,1.5329,2012-09-07
2012,9,8,4.6006,5.0683,3.0466,2012-09-08
2012,9,9,3.2323,4.8847,0.7642,2012-09-09
2012,9,10,2.9215,5.4864,0.9434,2012-09-10
2012,9,11,4.2898,6.449,3.1706,2012-09-11
2012,9,12,3.042,5.9606,1.5852,2012-09-12
2012,9,13,6.5998,6.6161,9.0062,2012-09-13
2012,9,14,4.9205,5.3398,3.3881,2012-09-14
2012,9,15,5.0837,5.1835,4.1964,2012-09-15
2012,9,16,4.879,5.2865,3.5153,2012-09-16
2012,9,17,4.8696,5.1389,3.6156,2012-09-17
2012,9,18,5.0227,5.2872,3.2515,2012-09-18
2012,9,19,4.938,6.817,4.2826,2012-09-19
2012,9,20,5.821,6.8921,6.0972,2012-09-20
2012,9,21,7.1585,7.17,9.9067,2012-09-21
2012,9,22,6.9996,7.0582,9.0938,2012-09-22
2012,9,23,6.7164,6.9869,7.7102,2012-09-23
2012,9,24,6.715,6.913,7.7635,2012-09-24
2012,9,25,4.2739,6.8299,2.514,2012-09-25
2012,9,26,7.5197,7.6363,10.6159,2012-09-26
2012,9,27,5.9326,7.333,4.9394,2012-09-27
2012,9,28,4.3054,6.7855,0.601,2012-09-28
2012,9,29,3.5386,6.576,2.0114,2012-09-29
2012,9,30,6.408,6.6271,6.3485,2012-09-30
2012,10,1,5.5054,6.3386,4.5475,2012-10-01
2012,10,2,5.6318,6.2527,3.9494,2012-10-02
2012,10,3,1.4393,5.9573,0.0194,2012-10-03
2012,10,4,5.7022,6.9259,5.6664,2012-10-04
2012,10,5,6.2198,6.8719,5.7499,2012-10-05
2012,10,6,6.6367,6.7378,6.624,2012-10-06
2012,10,7,4.6627,6.3574,2.1667,2012-10-07
2012,10,8,6.3514,6.6833,5.4226,2012-10-08
2012,10,9,4.9426,6.6134,2.7271,2012-10-09
2012,10,10,2.9573,7.176,1.4011,2012-10-10
2012,10,11,3.353,7.6046,0.4363,2012-10-11
2012,10,12,7.121,7.7434,7.6109,2012-10-12
2012,10,13,6.8494,7.542,6.8885,2012-10-13
2012,10,14,7.656,7.687,9.5587,2012-10-14
2012,10,15,5.1725,7.0646,1.8953,2012-10-15
2012,10,16,5.718,7.6841,4.277,2012-10-16
2012,10,17,7.8269,8.0393,8.9765,2012-10-17
2012,10,18,7.374,7.7662,7.5631,2012-10-18
2012,10,19,5.2644,7.5252,3.4118,2012-10-19
2012,10,20,4.9037,7.4561,3.8496,2012-10-20
2012,10,21,2.8999,7.2252,1.6054,2012-10-21
2012,10,22,5.9201,7.3222,4.0176,2012-10-22
2012,10,23,6.2254,8.035,5.2294,2012-10-23
2012,10,24,5.2039,7.9522,3.8237,2012-10-24
2012,10,25,5.2464,7.6397,4.3586,2012-10-25
2012,10,26,6.4217,7.1549,4.673,2012-10-26
2012,10,27,7.1926,7.2643,6.7135,2012-10-27
2012,10,28,4.1402,7.039,0.8405,2012-10-28
2012,10,29,5.8738,7.4328,2.4881,2012-10-29
2012,10,30,4.914,7.2986,0.6442,2012-10-30
2012,10,31,4.8907,7.0198,2.6496,2012-10-31
2012,11,1,5.2774,7.4846,2.129,2012-11-01
2012,11,2,5.202,7.7789,2.3126,2012-11-02
2012,11,3,7.8706,8.406,9.0506,2012-11-03
2012,11,4,7.8266,8.4127,7.8319,2012-11-04
2012,11,5,6.6982,8.2546,4.6042,2012-11-05
2012,11,6,8.322,8.4216,9.847,2012-11-06
2012,11,7,4.1933,8.0621,0.317,2012-11-07
2012,11,8,5.2675,7.8238,2.844,2012-11-08
2012,11,9,7.9217,8.1972,8.1715,2012-11-09
2012,11,10,1.7587,7.961,0.3442,2012-11-10
2012,11,11,5.0971,8.0042,3.3384,2012-11-11
2012,11,12,3.6209,8.1679,1.265,2012-11-12
2012,11,13,8.3186,8.509,8.9431,2012-11-13
2012,11,14,8.3064,8.6455,9.1978,2012-11-14
2012,11,15,8.7557,8.8476,10.5178,2012-11-15
2012,11,16,8.8003,8.8315,10.8581,2012-11-16
2012,11,17,8.1684,8.5231,8.8831,2012-11-17
2012,11,18,6.6974,8.0412,3.8698,2012-11-18
2012,11,19,2.9909,7.8072,0.569,2012-11-19
2012,11,20,8.2226,8.4516,8.459,2012-11-20
2012,11,21,8.4516,8.605,9.6103,2012-11-21
2012,11,22,8.0508,8.3405,8.3388,2012-11-22
2012,11,23,1.74,8.1278,0.3984,2012-11-23
2012,11,24,3.3787,8.2296,1.6668,2012-11-24
2012,11,25,8.7374,8.8104,10.1054,2012-11-25
2012,11,26,4.9044,8.5147,3.0262,2012-11-26
2012,11,27,7.6046,8.5574,7.9087,2012-11-27
2012,11,28,7.0618,8.3808,6.0341,2012-11-28
2012,11,29,1.2062,7.9397,0.2071,2012-11-29
2012,11,30,6.51,8.2054,4.669,2012-11-30
2012,12,1,5.831,8.2726,3.696,2012-12-01
2012,12,2,8.2104,8.4653,8.5961,2012-12-02
2012,12,3,8.244,8.5598,8.5303,2012-12-03
2012,12,4,6.233,8.334,2.9177,2012-12-04
2012,12,5,7.0769,8.1559,5.5762,2012-12-05
2012,12,6,7.8269,8.4024,7.2218,2012-12-06
2012,12,7,7.1047,8.2457,6.2143,2012-12-07
2012,12,8,7.1143,8.341,5.4746,2012-12-08
2012,12,9,8.136,8.549,7.7702,2012-12-09
2012,12,10,8.0904,8.4617,8.1022,2012-12-10
2012,12,11,7.7743,8.4804,7.1244,2012-12-11
2012,12,12,7.5091,8.1158,6.4798,2012-12-12
2012,12,13,1.2247,8.1804,0.2362,2012-12-13
2012,12,14,8.0479,8.855,8.6822,2012-12-14
2012,12,15,7.4846,8.7226,7.9414,2012-12-15
2012,12,16,8.5195,8.6525,9.203,2012-12-16
2012,12,17,7.9975,8.6186,7.4386,2012-12-17
2012,12,18,7.1971,8.1595,5.5704,2012-12-18
2012,12,19,6.5904,8.3705,2.8574,2012-12-19
2012,12,20,7.3128,8.3162,4.933,2012-12-20
2012,12,21,2.6004,8.1785,0.4032,2012-12-21
2012,12,22,7.302,8.4742,6.5791,2012-12-22
2012,12,23,8.2687,8.4576,9.0209,2012-12-23
2012,12,24,8.3011,8.5582,9.1733,2012-12-24
2012,12,25,8.3455,8.6107,8.7468,2012-12-25
2012,12,26,6.8455,8.383,4.8442,2012-12-26
2012,12,27,3.5419,8.2488,0.4951,2012-12-27
2012,12,28,3.6264,8.3011,0.2645,2012-12-28
2012,12,29,4.9315,8.1511,2.1823,2012-12-29
2012,12,30,3.7944,8.082,0.4766,2012-12-30
2012,12,31,7.8974,8.3189,7.867,2012-12-31
2013,1,1,3.5095,8.3515,1.7458,2013-01-01
2013,1,2,8.2274,8.9712,7.3807,2013-01-02
2013,1,3,8.0098,8.6635,6.9696,2013-01-03
2013,1,4,7.7182,8.166,6.8693,2013-01-04
2013,1,5,8.3179,8.5082,8.8711,2013-01-05
2013,1,6,6.673,8.3086,4.0111,2013-01-06
2013,1,7,4.2144,8.1576,0.6677,2013-01-07
2013,1,8,6.9437,8.4132,5.3921,2013-01-08
2013,1,9,5.5392,8.4742,1.2838,2013-01-09
2013,1,10,8.213,8.6868,8.3959,2013-01-10
2013,1,11,8.7516,8.9462,10.2629,2013-01-11
2013,1,12,8.279,8.8111,8.6083,2013-01-12
2013,1,13,8.634,8.7715,9.9182,2013-01-13
2013,1,14,7.8098,8.6539,8.034,2013-01-14
2013,1,15,7.4981,8.5289,7.2658,2013-01-15
2013,1,16,8.4046,8.6998,9.4318,2013-01-16
2013,1,17,7.9745,8.5874,8.0369,2013-01-17
2013,1,18,7.5144,8.4898,7.5348,2013-01-18
2013,1,19,7.9918,8.6616,7.9601,2013-01-19
2013,1,20,8.0767,8.5231,8.0844,2013-01-20
2013,1,21,6.6007,8.2718,5.0542,2013-01-21
2013,1,22,4.4285,8.0695,1.9102,2013-01-22
2013,1,23,7.9154,8.3856,8.0081,2013-01-23
2013,1,24,7.9385,8.2094,7.584,2013-01-24
2013,1,25,2.0983,7.8854,0.2189,2013-01-25
2013,1,26,8.3969,8.8097,8.4197,2013-01-26
2013,1,27,8.7007,8.8567,10.3668,2013-01-27
2013,1,28,8.4494,8.6916,9.4697,2013-01-28
2013,1,29,8.2313,8.5022,8.8922,2013-01-29
2013,1,30,8.083,8.3818,8.5046,2013-01-30
2013,1,31,7.9294,8.2814,7.8374,2013-01-31
2013,2,1,8.0309,8.2442,8.4185,2013-02-01
2013,2,2,7.1071,8.0808,6.1745,2013-02-02
2013,2,3,7.4314,8.1365,6.6734,2013-02-03
2013,2,4,8.5094,8.6004,10.2662,2013-02-04
2013,2,5,8.4662,8.5982,10.1779,2013-02-05
2013,2,6,8.1898,8.334,9.5686,2013-02-06
2013,2,7,7.3094,8.0287,7.1378,2013-02-07
2013,2,8,7.3622,8.147,7.6565,2013-02-08
2013,2,9,6.5988,7.884,5.1413,2013-02-09
2013,2,10,6.2832,7.6406,3.9811,2013-02-10
2013,2,11,3.7399,7.6301,1.0493,2013-02-11
2013,2,12,7.1347,7.884,6.4541,2013-02-12
2013,2,13,5.8426,7.6212,4.4266,2013-02-13
2013,2,14,1.6037,7.4621,0.3938,2013-02-14
2013,2,15,6.7903,7.7755,6.6139,2013-02-15
2013,2,16,6.0067,7.7112,4.7136,2013-02-16
2013,2,17,7.5194,7.8238,8.357,2013-02-17
2013,2,18,4.3231,7.4393,1.399,2013-02-18
2013,2,19,3.4565,7.4014,0.8287,2013-02-19
2013,2,20,6.2981,7.3649,4.5718,2013-02-20
2013,2,21,5.2726,7.3596,2.3794,2013-02-21
2013,2,22,7.8384,7.931,9.3235,2013-02-22
2013,2,23,7.8038,7.9114,9.2952,2013-02-23
2013,2,24,7.5127,7.7734,8.3566,2013-02-24
2013,2,25,3.7421,7.4215,0.1548,2013-02-25
2013,2,26,7.3634,7.7966,7.9716,2013-02-26
2013,2,27,7.7434,7.8938,8.9909,2013-02-27
2013,2,28,7.831,7.8989,9.8477,2013-02-28
2013,3,1,7.5158,7.6546,9.1332,2013-03-01
2013,3,2,6.8734,7.415,6.665,2013-03-02
2013,3,3,3.7709,7.1465,0.6338,2013-03-03
2013,3,4,2.119,7.1515,0.2952,2013-03-04
2013,3,5,3.1226,6.9046,0.9216,2013-03-05
2013,3,6,4.8319,6.6653,2.5435,2013-03-06
2013,3,7,4.0183,6.8983,2.1893,2013-03-07
2013,3,8,6.7973,6.9684,7.0344,2013-03-08
2013,3,9,5.5183,6.8333,3.977,2013-03-09
2013,3,10,3.75,6.8402,1.7105,2013-03-10
2013,3,11,5.4377,6.8923,3.0487,2013-03-11
2013,3,12,3.7142,6.853,1.787,2013-03-12
2013,3,13,4.4647,6.9391,2.5798,2013-03-13
2013,3,14,5.807,6.9564,4.6649,2013-03-14
2013,3,15,2.9004,6.7946,1.2132,2013-03-15
2013,3,16,4.9735,6.8186,3.8885,2013-03-16
2013,3,17,4.9126,6.5568,1.7556,2013-03-17
2013,3,18,2.8349,6.3974,0.8782,2013-03-18
2013,3,19,3.1354,6.3089,0.9185,2013-03-19
2013,3,20,3.1978,6.3468,0.8374,2013-03-20
2013,3,21,6.0451,6.7783,5.7377,2013-03-21
2013,3,22,6.7718,6.8882,8.5586,2013-03-22
2013,3,23,6.6559,6.8573,7.9135,2013-03-23
2013,3,24,6.1476,6.732,7.566,2013-03-24
2013,3,25,5.6573,6.6648,4.7045,2013-03-25
2013,3,26,6.3295,6.715,7.7381,2013-03-26
2013,3,27,6.9276,6.9427,9.7226,2013-03-27
2013,3,28,6.6838,6.727,9.0581,2013-03-28
2013,3,29,6.4279,6.5148,8.0712,2013-03-29
2013,3,30,6.2822,6.4716,8.2382,2013-03-30
2013,3,31,5.8138,6.2722,7.0044,2013-03-31
2013,4,1,5.2625,5.9794,4.6075,2013-04-01
2013,4,2,3.084,5.8337,2.0633,2013-04-02
2013,4,3,2.6472,5.7948,0.6929,2013-04-03
2013,4,4,1.6193,5.8481,0.4284,2013-04-04
2013,4,5,6.0545,6.3324,7.9682,2013-04-05
2013,4,6,4.0966,6.0593,4.2725,2013-04-06
2013,4,7,2.9143,5.9347,1.6022,2013-04-07
2013,4,8,4.7357,5.9611,5.5409,2013-04-08
2013,4,9,5.6258,5.9786,7.1599,2013-04-09
2013,4,10,5.1312,5.7576,5.5414,2013-04-10
2013,4,11,4.3632,5.5382,4.3505,2013-04-11
2013,4,12,1.0202,5.4979,0.1958,2013-04-12
2013,4,13,4.7412,6.1116,3.131,2013-04-13
2013,4,14,5.7876,6.0886,8.7336,2013-04-14
2013,4,15,6.0144,6.0194,9.2522,2013-04-15
2013,4,16,5.8735,5.8867,8.9095,2013-04-16
2013,4,17,6.0024,6.0096,9.3564,2013-04-17
2013,4,18,5.9921,6.0084,9.2033,2013-04-18
2013,4,19,5.8762,5.8978,8.8764,2013-04-19
2013,4,20,5.723,5.7398,8.6508,2013-04-20
2013,4,21,5.555,5.6021,8.2099,2013-04-21
2013,4,22,5.6304,5.6393,8.6054,2013-04-22
2013,4,23,5.4929,5.5882,8.214,2013-04-23
2013,4,24,5.5543,5.562,8.5217,2013-04-24
2013,4,25,5.2097,5.4077,7.697,2013-04-25
2013,4,26,5.0902,5.2085,6.6905,2013-04-26
2013,4,27,4.8533,5.101,6.0091,2013-04-27
2013,4,28,4.776,4.992,6.1841,2013-04-28
2013,4,29,3.3168,4.8653,1.9637,2013-04-29
2013,4,30,4.307,4.889,4.4232,2013-04-30
2013,5,1,4.831,5.0155,6.4637,2013-05-01
2013,5,2,5.0021,5.064,7.5072,2013-05-02
2013,5,3,4.7045,4.8725,6.649,2013-05-03
2013,5,4,0.4841,4.6908,0.2614,2013-05-04
2013,5,5,3.6235,4.9978,3.0614,2013-05-05
2013,5,6,5.2116,5.2879,8.4492,2013-05-06
2013,5,7,5.0734,5.1473,8.1713,2013-05-07
2013,5,8,5.1545,5.2769,8.2884,2013-05-08
2013,5,9,4.8742,5.0993,7.7381,2013-05-09
2013,5,10,4.9951,5.0026,8.1691,2013-05-10
2013,5,11,4.0332,4.601,5.1751,2013-05-11
2013,5,12,0.8609,4.1153,0.2436,2013-05-12
2013,5,13,1.4796,4.2835,0.3348,2013-05-13
2013,5,14,1.2331,4.1921,0.4567,2013-05-14
2013,5,15,1.0879,4.1076,0.222,2013-05-15
2013,5,16,4.0982,4.6882,4.8859,2013-05-16
2013,5,17,4.3426,4.6414,5.9148,2013-05-17
2013,5,18,0.8275,4.1717,0.0612,2013-05-18
2013,5,19,1.8192,4.104,0.6187,2013-05-19
2013,5,20,1.2758,4.1066,0.5114,2013-05-20
2013,5,21,1.3853,4.0126,0.6156,2013-05-21
2013,5,22,1.1321,4.0152,0.3521,2013-05-22
2013,5,23,2.0662,3.8885,0.3768,2013-05-23
2013,5,24,2.015,4.1155,1.6658,2013-05-24
2013,5,25,3.115,4.3349,3.4126,2013-05-25
2013,5,26,3.1433,4.0625,3.2503,2013-05-26
2013,5,27,3.204,4.1566,4.5218,2013-05-27
2013,5,28,3.0732,4.0956,2.9239,2013-05-28
2013,5,29,3.1966,4.0846,3.589,2013-05-29
2013,5,30,4.5504,4.5526,8.1914,2013-05-30
2013,5,31,4.2144,4.3488,6.7517,2013-05-31
2013,6,1,2.5987,3.8947,2.911,2013-06-01
2013,6,2,3.6278,4.2698,3.8309,2013-06-02
2013,6,3,4.3534,4.3668,7.4069,2013-06-03
2013,6,4,4.385,4.4136,7.7402,2013-06-04
2013,6,5,4.2814,4.3094,7.3913,2013-06-05
2013,6,6,3.9569,4.0716,5.6779,2013-06-06
2013,6,7,4.1731,4.2125,7.1381,2013-06-07
2013,6,8,3.2782,4.0819,2.3035,2013-06-08
2013,6,9,2.255,3.7656,1.5125,2013-06-09
2013,6,10,3.413,3.9163,3.096,2013-06-10
2013,6,11,4.0219,4.0457,6.6739,2013-06-11
2013,6,12,3.8542,4.0805,5.3191,2013-06-12
2013,6,13,3.551,3.9991,5.1475,2013-06-13
2013,6,14,0.5426,3.7778,0.3166,2013-06-14
2013,6,15,2.7019,3.6566,2.5709,2013-06-15
2013,6,16,1.1851,3.5038,0.257,2013-06-16
2013,6,17,1.8972,3.6502,0.499,2013-06-17
2013,6,18,2.1163,3.606,0.7498,2013-06-18
2013,6,19,0.9602,3.7349,0.4214,2013-06-19
2013,6,20,0.8146,3.7375,0.2616,2013-06-20
2013,6,21,1.332,4.037,0.6,2013-06-21
2013,6,22,1.4796,4.2175,0.8366,2013-06-22
2013,6,23,1.2055,3.7476,0.0132,2013-06-23
2013,6,24,1.0555,3.5482,0.5594,2013-06-24
2013,6,25,1.3366,3.7145,0.3941,2013-06-25
2013,6,26,1.8223,4.062,0.9226,2013-06-26
2013,6,27,1.6668,3.787,0.6504,2013-06-27
2013,6,28,2.1478,3.5594,1.2979,2013-06-28
2013,6,29,2.3904,3.8292,2.4156,2013-06-29
2013,6,30,4.0776,4.1189,6.7661,2013-06-30
2013,7,1,4.1117,4.3145,7.1971,2013-07-01
2013,7,2,4.2727,4.2782,7.3654,2013-07-02
2013,7,3,3.5297,3.8926,4.6778,2013-07-03
2013,7,4,2.7994,3.7478,3.4118,2013-07-04
2013,7,5,3.6098,3.8074,5.0294,2013-07-05
2013,7,6,3.6298,3.8299,4.7851,2013-07-06
2013,7,7,1.867,3.6317,1.993,2013-07-07
2013,7,8,0.8662,3.8215,0.2494,2013-07-08
2013,7,9,2.3647,3.9353,1.6058,2013-07-09
2013,7,10,4.0949,4.1263,6.534,2013-07-10
2013,7,11,4.1633,4.1698,6.8791,2013-07-11
2013,7,12,3.3636,3.887,3.8198,2013-07-12
2013,7,13,1.2166,3.8532,0.4541,2013-07-13
2013,7,14,2.717,3.9288,2.7674,2013-07-14
2013,7,15,3.6809,4.2547,4.7172,2013-07-15
2013,7,16,4.3925,4.5041,7.0202,2013-07-16
2013,7,17,3.6895,4.2127,4.9171,2013-07-17
2013,7,18,3.4838,4.1014,4.7042,2013-07-18
2013,7,19,2.7931,4.2106,2.9057,2013-07-19
2013,7,20,0.7826,4.2905,0.3437,2013-07-20
2013,7,21,3.8146,4.572,5.6198,2013-07-21
2013,7,22,2.4881,4.5828,1.9882,2013-07-22
2013,7,23,4.8209,4.8574,8.0393,2013-07-23
2013,7,24,4.7695,4.8096,7.8814,2013-07-24
2013,7,25,4.7616,4.8696,7.674,2013-07-25
2013,7,26,4.793,4.8182,7.9826,2013-07-26
2013,7,27,4.4844,4.5492,7.0063,2013-07-27
2013,7,28,4.4304,4.4398,6.703,2013-07-28
2013,7,29,4.4546,4.5115,6.815,2013-07-29
2013,7,30,4.5924,4.626,7.1458,2013-07-30
2013,7,31,4.746,4.7746,7.4698,2013-07-31
2013,8,1,4.542,4.608,6.6768,2013-08-01
2013,8,2,1.38,4.218,1.1537,2013-08-02
2013,8,3,1.4779,4.211,0.259,2013-08-03
2013,8,4,3.8342,5.023,5.4029,2013-08-04
2013,8,5,4.2156,4.5823,5.359,2013-08-05
2013,8,6,3.9936,4.4282,4.8278,2013-08-06
2013,8,7,3.7771,4.7393,2.665,2013-08-07
2013,8,8,1.9289,4.4076,0.6806,2013-08-08
2013,8,9,0.7769,4.6728,0.3571,2013-08-09
2013,8,10,5.077,5.3304,7.5211,2013-08-10
2013,8,11,5.447,5.4526,8.695,2013-08-11
2013,8,12,3.8369,4.9858,3.1646,2013-08-12
2013,8,13,1.0927,4.8727,0.528,2013-08-13
2013,8,14,5.585,5.6196,9.0194,2013-08-14
2013,8,15,5.6647,5.688,9.071,2013-08-15
2013,8,16,5.5231,5.5433,8.4022,2013-08-16
2013,8,17,5.5272,5.544,8.2805,2013-08-17
2013,8,18,5.4607,5.4737,8.0978,2013-08-18
2013,8,19,5.275,5.3081,7.5298,2013-08-19
2013,8,20,4.381,5.07,3.9806,2013-08-20
2013,8,21,3.8923,5.0614,2.9813,2013-08-21
2013,8,22,3.8825,4.8214,2.7384,2013-08-22
2013,8,23,1.195,5.0633,0.1073,2013-08-23
2013,8,24,0.9307,5.0854,0.1642,2013-08-24
2013,8,25,0.7903,5.2663,0.0775,2013-08-25
2013,8,26,3.4656,5.6911,3.1598,2013-08-26
2013,8,27,5.7646,6.0854,8.7446,2013-08-27
2013,8,28,6.0941,6.1008,9.3305,2013-08-28
2013,8,29,6.0583,6.1284,8.7516,2013-08-29
2013,8,30,4.5842,5.9285,3.4094,2013-08-30
2013,8,31,5.5505,5.6378,6.786,2013-08-31
2013,9,1,5.2985,5.3921,5.8538,2013-09-01
2013,9,2,2.815,5.2399,1.3529,2013-09-02
2013,9,3,4.2686,5.4072,2.7751,2013-09-03
2013,9,4,5.993,6.0391,7.9846,2013-09-04
2013,9,5,5.663,5.91,6.2239,2013-09-05
2013,9,6,5.809,5.8831,7.0668,2013-09-06
2013,9,7,5.8366,5.9134,7.1722,2013-09-07
2013,9,8,3.6799,5.5493,1.9049,2013-09-08
2013,9,9,5.815,5.9851,6.9986,2013-09-09
2013,9,10,6.019,6.2026,7.8086,2013-09-10
2013,9,11,6.2748,6.3492,8.2901,2013-09-11
2013,9,12,6.3446,6.3698,8.4408,2013-09-12
2013,9,13,5.6299,6.011,5.4811,2013-09-13
2013,9,14,3.5623,5.922,1.6913,2013-09-14
2013,9,15,1.1969,5.705,0.1999,2013-09-15
2013,9,16,1.2571,6.4121,0.8148,2013-09-16
2013,9,17,4.2739,6.883,3.7051,2013-09-17
2013,9,18,6.9511,6.967,9.3482,2013-09-18
2013,9,19,4.5206,6.7817,3.5923,2013-09-19
2013,9,20,3.9761,6.1637,2.7504,2013-09-20
2013,9,21,5.2673,6.1181,4.1736,2013-09-21
2013,9,22,1.6718,6.3422,0.7848,2013-09-22
2013,9,23,2.6798,6.5234,0.9055,2013-09-23
2013,9,24,7.385,7.3987,10.314,2013-09-24
2013,9,25,7.1652,7.2742,9.4613,2013-09-25
2013,9,26,7.1261,7.1714,9.0446,2013-09-26
2013,9,27,3.4342,6.6132,0.7514,2013-09-27
2013,9,28,4.7496,6.1639,2.9299,2013-09-28
2013,9,29,4.391,6.2208,1.6375,2013-09-29
2013,9,30,2.0309,6.7766,0.5102,2013-09-30
2013,10,1,5.2394,7.2482,4.6685,2013-10-01
2013,10,2,4.5773,7.0879,2.7374,2013-10-02
2013,10,3,5.0743,6.7253,3.9048,2013-10-03
2013,10,4,6.1846,7.2905,5.707,2013-10-04
2013,10,5,7.5994,7.6032,9.9029,2013-10-05
2013,10,6,6.2299,7.5557,4.9634,2013-10-06
2013,10,7,7.62,7.6332,9.6943,2013-10-07
2013,10,8,7.4455,7.5031,9.1013,2013-10-08
2013,10,9,7.2782,7.375,8.3722,2013-10-09
2013,10,10,0.9554,6.4874,0.2664,2013-10-10
2013,10,11,3.9816,6.8335,0.4882,2013-10-11
2013,10,12,1.3733,6.8626,0.2184,2013-10-12
2013,10,13,4.2751,7.0406,1.7165,2013-10-13
2013,10,14,1.2444,7.3358,0.1754,2013-10-14
2013,10,15,2.7893,7.3565,0.048,2013-10-15
2013,10,16,5.7473,7.4203,4.4465,2013-10-16
2013,10,17,7.4088,7.7674,8.2992,2013-10-17
2013,10,18,7.9522,7.9742,9.9202,2013-10-18
2013,10,19,7.9534,7.9829,9.8875,2013-10-19
2013,10,20,7.7028,7.9358,9.3199,2013-10-20
2013,10,21,3.5362,7.3282,1.1626,2013-10-21
2013,10,22,5.2186,7.6963,5.5471,2013-10-22
2013,10,23,6.6331,7.4143,5.6016,2013-10-23
2013,10,24,1.6313,7.2427,0.2436,2013-10-24
2013,10,25,3.0674,7.3116,0.595,2013-10-25
2013,10,26,5.3695,7.4786,3.9338,2013-10-26
2013,10,27,8.0357,8.2421,9.1999,2013-10-27
2013,10,28,8.339,8.351,10.3994,2013-10-28
2013,10,29,6.87,7.8533,5.9878,2013-10-29
2013,10,30,2.813,7.6435,1.2331,2013-10-30
2013,10,31,7.193,7.795,6.0845,2013-10-31
2013,11,1,6.6967,7.4196,6.3806,2013-11-01
2013,11,2,2.7703,7.189,0.1877,2013-11-02
2013,11,3,7.9646,8.357,8.2334,2013-11-03
2013,11,4,8.5913,8.6453,10.6908,2013-11-04
2013,11,5,8.6995,8.7091,11.1468,2013-11-05
2013,11,6,8.1991,8.3938,9.8386,2013-11-06
2013,11,7,8.4583,8.472,10.6574,2013-11-07
2013,11,8,7.9236,8.2186,8.645,2013-11-08
2013,11,9,7.8506,8.2094,7.9159,2013-11-09
2013,11,10,7.6718,8.0498,7.7004,2013-11-10
2013,11,11,2.2325,7.9822,1.117,2013-11-11
2013,11,12,8.7132,8.7235,10.6128,2013-11-12
2013,11,13,8.5046,8.7228,10.4774,2013-11-13
2013,11,14,8.43,8.531,9.5417,2013-11-14
2013,11,15,7.0574,8.1238,6.365,2013-11-15
2013,11,16,6.6058,8.6062,5.6306,2013-11-16
2013,11,17,9.0166,9.024,11.6647,2013-11-17
2013,11,18,7.7189,8.3359,7.53,2013-11-18
2013,11,19,2.5519,7.8055,0.2021,2013-11-19
2013,11,20,3.2086,7.843,0.3521,2013-11-20
2013,11,21,7.2785,8.1062,5.8608,2013-11-21
2013,11,22,7.8226,8.6443,7.7057,2013-11-22
2013,11,23,8.2666,8.7014,8.7703,2013-11-23
2013,11,24,8.5051,8.652,9.9809,2013-11-24
2013,11,25,8.2776,8.5906,9.061,2013-11-25
2013,11,26,2.6842,8.315,0.5758,2013-11-26
2013,11,27,7.0742,8.3741,5.9294,2013-11-27
2013,11,28,1.9975,8.2159,0.541,2013-11-28
2013,11,29,1.1338,8.291,0.2861,2013-11-29
2013,11,30,3.8138,8.257,1.5869,2013-11-30
2013,12,1,7.2761,8.299,6.6569,2013-12-01
2013,12,2,7.9248,8.4996,7.4174,2013-12-02
2013,12,3,1.1107,8.4725,0.504,2013-12-03
2013,12,4,8.3736,8.4514,9.4121,2013-12-04
2013,12,5,8.2675,8.3662,8.7259,2013-12-05
2013,12,6,1.3915,8.165,0.163,2013-12-06
2013,12,7,7.7518,8.5908,7.0963,2013-12-07
2013,12,8,7.7119,8.437,6.0454,2013-12-08
2013,12,9,4.7592,8.1482,1.1232,2013-12-09
2013,12,10,6.2808,8.5618,2.0998,2013-12-10
2013,12,11,8.4221,8.8954,8.982,2013-12-11
2013,12,12,8.791,9.0552,9.9854,2013-12-12
2013,12,13,6.3235,8.6791,3.3468,2013-12-13
2013,12,14,8.009,8.7082,8.0621,2013-12-14
2013,12,15,7.057,8.5728,5.093,2013-12-15
2013,12,16,8.2961,8.6784,8.5049,2013-12-16
2013,12,17,8.6076,8.9268,8.946,2013-12-17
2013,12,18,6.9631,8.8054,5.7818,2013-12-18
2013,12,19,5.6141,8.5776,4.32,2013-12-19
2013,12,20,6.4855,8.5932,5.0702,2013-12-20
2013,12,21,7.5984,8.7533,6.9017,2013-12-21
2013,12,22,8.4341,8.9978,8.453,2013-12-22
2013,12,23,8.7175,9.1538,10.579,2013-12-23
2013,12,24,8.454,9.0706,9.8558,2013-12-24
2013,12,25,8.3537,8.7271,9.1836,2013-12-25
2013,12,26,7.645,8.5061,6.3442,2013-12-26
2013,12,27,7.2674,8.5054,6.6278,2013-12-27
2013,12,28,6.7584,8.5032,5.1802,2013-12-28
2013,12,29,7.8449,8.5392,7.9982,2013-12-29
2013,12,30,6.569,8.3702,4.819,2013-12-30
2013,12,31,5.8344,8.1749,1.9253,2013-12-31
2014,1,1,4.1746,8.3654,0.5018,2014-01-01
2014,1,2,7.4839,8.4055,5.501,2014-01-02
2014,1,3,3.9442,8.1415,0.9314,2014-01-03
2014,1,4,6.468,8.6016,2.7662,2014-01-04
2014,1,5,6.7565,8.351,4.5312,2014-01-05
2014,1,6,8.004,8.6501,7.8761,2014-01-06
2014,1,7,7.014,8.6326,5.6885,2014-01-07
2014,1,8,5.461,8.3388,0.9526,2014-01-08
2014,1,9,7.8854,8.4946,6.9504,2014-01-09
2014,1,10,8.0462,8.5829,7.9483,2014-01-10
2014,1,11,4.3102,8.3952,0.7951,2014-01-11
2014,1,12,6.954,8.4924,5.1943,2014-01-12
2014,1,13,8.1602,8.7715,8.2354,2014-01-13
2014,1,14,7.2514,8.501,5.9549,2014-01-14
2014,1,15,5.9508,8.3983,3.8134,2014-01-15
2014,1,16,7.7664,8.645,7.715,2014-01-16
2014,1,17,8.0237,8.5584,8.316,2014-01-17
2014,1,18,8.0335,8.489,8.1794,2014-01-18
2014,1,19,7.6154,8.4852,7.1088,2014-01-19
2014,1,20,7.5053,8.4005,7.2816,2014-01-20
2014,1,21,7.607,8.3323,6.6029,2014-01-21
2014,1,22,7.8886,8.327,8.0866,2014-01-22
2014,1,23,7.327,8.2548,6.5674,2014-01-23
2014,1,24,7.7172,8.1886,7.3637,2014-01-24
2014,1,25,2.8284,8.0894,0.3415,2014-01-25
2014,1,26,5.4826,8.0676,2.3501,2014-01-26
2014,1,27,7.127,8.1787,6.3701,2014-01-27
2014,1,28,7.7794,8.321,8.1106,2014-01-28
2014,1,29,7.5262,8.327,7.4047,2014-01-29
2014,1,30,7.1465,8.3148,6.6014,2014-01-30
2014,1,31,7.4945,8.2322,7.2322,2014-01-31
2014,2,1,7.6471,8.2529,7.6267,2014-02-01
2014,2,2,7.7234,8.3717,8.3314,2014-02-02
2014,2,3,7.8437,8.1857,8.6438,2014-02-03
2014,2,4,7.621,8.1067,7.7928,2014-02-04
2014,2,5,7.8821,8.0681,8.0239,2014-02-05
2014,2,6,7.2806,8.1019,6.5412,2014-02-06
2014,2,7,7.253,8.052,6.7586,2014-02-07
2014,2,8,7.7366,8.1401,8.3093,2014-02-08
2014,2,9,7.309,8.0177,6.9324,2014-02-09
2014,2,10,6.7498,7.9483,6.0514,2014-02-10
2014,2,11,7.0673,7.9646,6.6636,2014-02-11
2014,2,12,6.629,7.8972,5.9546,2014-02-12
2014,2,13,4.1042,7.6193,0.9499,2014-02-13
2014,2,14,3.3108,7.6975,1.8242,2014-02-14
2014,2,15,4.4825,7.7539,1.3354,2014-02-15
2014,2,16,7.3423,7.8931,7.4686,2014-02-16
2014,2,17,7.1784,7.7647,6.9024,2014-02-17
2014,2,18,7.5228,7.7923,8.0618,2014-02-18
2014,2,19,5.4624,7.5158,2.837,2014-02-19
2014,2,20,5.9592,7.5444,3.9962,2014-02-20
2014,2,21,7.0157,7.7088,7.7359,2014-02-21
2014,2,22,6.3938,7.4119,4.8374,2014-02-22
2014,2,23,6.6778,7.5881,5.9026,2014-02-23
2014,2,24,6.6031,7.5617,6.7742,2014-02-24
2014,2,25,4.0898,7.2648,0.3463,2014-02-25
2014,2,26,2.0333,7.3094,0.9358,2014-02-26
2014,2,27,3.527,7.8146,3.3269,2014-02-27
2014,2,28,8.0184,8.0522,10.3157,2014-02-28
2014,3,1,7.8857,7.9418,9.8921,2014-03-01
2014,3,2,5.0594,7.3459,2.2308,2014-03-02
2014,3,3,1.673,6.9701,0.2748,2014-03-03
2014,3,4,3.2938,7.1885,0.6816,2014-03-04
2014,3,5,7.3742,7.4602,8.7041,2014-03-05
2014,3,6,7.5953,7.6322,9.6766,2014-03-06
2014,3,7,7.0128,7.4417,8.0501,2014-03-07
2014,3,8,7.5406,7.6334,9.5093,2014-03-08
2014,3,9,7.5538,7.6207,9.2957,2014-03-09
2014,3,10,4.8149,7.045,2.5992,2014-03-10
2014,3,11,6.5918,7.2324,7.0382,2014-03-11
2014,3,12,6.9554,7.2403,8.166,2014-03-12
2014,3,13,6.4219,7.0219,6.6288,2014-03-13
2014,3,14,6.467,6.8839,6.7428,2014-03-14
2014,3,15,2.7514,6.691,0.2698,2014-03-15
2014,3,16,5.7269,6.7034,5.5349,2014-03-16
2014,3,17,5.2584,6.5506,3.1327,2014-03-17
2014,3,18,0.6943,6.4954,0.1634,2014-03-18
2014,3,19,3.2782,6.2947,1.2242,2014-03-19
2014,3,20,2.4785,6.5789,0.619,2014-03-20
2014,3,21,3.8657,6.8477,3.6238,2014-03-21
2014,3,22,4.0368,7.0109,3.6089,2014-03-22
2014,3,23,6.5755,7.068,8.9717,2014-03-23
2014,3,24,6.6418,6.8662,7.9598,2014-03-24
2014,3,25,5.4934,6.4183,4.6015,2014-03-25
2014,3,26,2.8483,6.3874,0.7918,2014-03-26
2014,3,27,6.5014,6.5208,8.6155,2014-03-27
2014,3,28,4.8744,6.3163,3.0619,2014-03-28
2014,3,29,0.9902,5.909,0.1025,2014-03-29
2014,3,30,3.558,5.9642,1.6565,2014-03-30
2014,3,31,3.6031,6.0994,2.9602,2014-03-31
2014,4,1,5.3928,6.1418,6.3041,2014-04-01
2014,4,2,6.2441,6.2748,8.4418,2014-04-02
2014,4,3,6.0974,6.1762,7.559,2014-04-03
2014,4,4,5.3218,6.1375,4.177,2014-04-04
2014,4,5,5.5884,6.0266,6.6677,2014-04-05
2014,4,6,5.1192,5.8183,6.665,2014-04-06
2014,4,7,5.7828,5.9311,7.5055,2014-04-07
2014,4,8,5.2138,5.7173,5.2961,2014-04-08
2014,4,9,2.2363,5.5426,0.3149,2014-04-09
2014,4,10,2.8536,5.4463,1.3567,2014-04-10
2014,4,11,2.4535,5.4528,1.1609,2014-04-11
2014,4,12,2.3002,5.6808,1.8067,2014-04-12
2014,4,13,6.0562,6.1562,8.2006,2014-04-13
2014,4,14,5.9995,6.0187,8.7211,2014-04-14
2014,4,15,5.5711,5.9083,8.135,2014-04-15
2014,4,16,5.5877,5.7346,7.609,2014-04-16
2014,4,17,4.6462,5.4118,4.3366,2014-04-17
2014,4,18,2.0527,5.2207,0.6017,2014-04-18
2014,4,19,2.2147,5.0957,0.3792,2014-04-19
2014,4,20,4.7765,5.4048,5.4221,2014-04-20
2014,4,21,3.102,5.1216,1.3246,2014-04-21
2014,4,22,3.5513,5.3746,1.0042,2014-04-22
2014,4,23,5.5073,5.5315,8.3376,2014-04-23
2014,4,24,5.6208,5.6606,8.6417,2014-04-24
2014,4,25,5.622,5.6364,8.651,2014-04-25
2014,4,26,5.526,5.5308,8.5517,2014-04-26
2014,4,27,5.0458,5.2128,7.2158,2014-04-27
2014,4,28,3.1944,5.0599,1.9351,2014-04-28
2014,4,29,2.6774,4.8142,0.4483,2014-04-29
2014,4,30,0.2508,4.6697,0.1514,2014-04-30
2014,5,1,5.0069,5.202,7.188,2014-05-01
2014,5,2,4.4256,5.0974,5.5601,2014-05-02
2014,5,3,3.7253,4.7822,3.8045,2014-05-03
2014,5,4,3.5484,4.6176,2.5008,2014-05-04
2014,5,5,3.7565,4.5607,3.7596,2014-05-05
2014,5,6,4.6006,4.6774,6.2945,2014-05-06
2014,5,7,4.6366,4.7882,7.0301,2014-05-07
2014,5,8,4.3378,4.6574,5.8416,2014-05-08
2014,5,9,4.8322,4.9135,7.2502,2014-05-09
2014,5,10,5.0225,5.0234,8.1938,2014-05-10
2014,5,11,4.771,4.8101,7.2178,2014-05-11
2014,5,12,3.8052,4.5552,3.4339,2014-05-12
2014,5,13,2.2872,4.4729,0.373,2014-05-13
2014,5,14,4.0522,4.4189,5.3268,2014-05-14
2014,5,15,1.6087,4.259,0.6696,2014-05-15
2014,5,16,3.9742,4.4573,5.2363,2014-05-16
2014,5,17,3.5942,4.3697,4.5734,2014-05-17
2014,5,18,4.2439,4.4587,6.217,2014-05-18
2014,5,19,4.0661,4.4498,6.2203,2014-05-19
2014,5,20,2.7883,4.2233,2.2918,2014-05-20
2014,5,21,2.3652,4.0082,1.0272,2014-05-21
2014,5,22,1.1246,4.2586,0.8525,2014-05-22
2014,5,23,1.2578,4.248,0.1565,2014-05-23
2014,5,24,2.4264,4.3968,0.6451,2014-05-24
2014,5,25,0.5594,4.1114,0.0864,2014-05-25
2014,5,26,4.3241,4.4302,6.8021,2014-05-26
2014,5,27,4.4278,4.4441,7.2101,2014-05-27
2014,5,28,4.4573,4.4578,7.5665,2014-05-28
2014,5,29,3.3773,4.0918,3.3262,2014-05-29
2014,5,30,1.7942,3.7999,1.1494,2014-05-30
2014,5,31,1.1062,3.5726,0.2398,2014-05-31
2014,6,1,3.3084,4.3308,3.7286,2014-06-01
2014,6,2,4.517,4.523,8.1017,2014-06-02
2014,6,3,4.4285,4.434,7.914,2014-06-03
2014,6,4,2.7806,3.6602,2.0196,2014-06-04
2014,6,5,2.7154,3.7015,2.7437,2014-06-05
2014,6,6,1.2305,3.8698,0.4766,2014-06-06
2014,6,7,1.6517,3.8078,0.5998,2014-06-07
2014,6,8,3.775,4.1026,5.6381,2014-06-08
2014,6,9,4.0574,4.2706,6.2546,2014-06-09
2014,6,10,3.9226,3.9962,5.9522,2014-06-10
2014,6,11,3.6958,3.839,5.3186,2014-06-11
2014,6,12,3.7205,3.8342,5.6088,2014-06-12
2014,6,13,0.5933,3.4716,0.4759,2014-06-13
2014,6,14,1.3181,3.9571,0.348,2014-06-14
2014,6,15,1.2283,3.9142,0.9439,2014-06-15
2014,6,16,1.2098,3.5318,0.2218,2014-06-16
2014,6,17,1.4362,3.547,1.0274,2014-06-17
2014,6,18,2.2056,3.8902,2.8901,2014-06-18
2014,6,19,4.1592,4.1762,7.2343,2014-06-19
2014,6,20,3.6838,4.0608,4.7345,2014-06-20
2014,6,21,3.9367,3.9641,6.5832,2014-06-21
2014,6,22,2.4151,3.5354,0.9823,2014-06-22
2014,6,23,2.3724,3.4411,2.305,2014-06-23
2014,6,24,1.717,3.5198,0.396,2014-06-24
2014,6,25,1.2607,3.4778,0.5659,2014-06-25
2014,6,26,0.6082,3.5837,0.2839,2014-06-26
2014,6,27,0.7147,3.7745,0.1411,2014-06-27
2014,6,28,1.033,3.9792,0.3034,2014-06-28
2014,6,29,2.0354,4.1134,1.4765,2014-06-29
2014,6,30,4.1755,4.3625,7.0298,2014-06-30
2014,7,1,2.6018,4.0121,3.1505,2014-07-01
2014,7,2,2.1528,3.6103,1.5408,2014-07-02
2014,7,3,1.7606,3.1238,1.9591,2014-07-03
2014,7,4,3.0746,3.7265,4.1174,2014-07-04
2014,7,5,2.7,3.7183,3.0859,2014-07-05
2014,7,6,2.4094,4.1479,3.3202,2014-07-06
2014,7,7,4.2499,4.4093,7.4726,2014-07-07
2014,7,8,3.0307,4.3212,1.4287,2014-07-08
2014,7,9,1.0272,4.0049,0.3564,2014-07-09
2014,7,10,1.8595,3.666,1.7386,2014-07-10
2014,7,11,2.6899,3.5736,2.0311,2014-07-11
2014,7,12,3.6989,3.9931,5.4269,2014-07-12
2014,7,13,3.1282,3.9458,3.943,2014-07-13
2014,7,14,3.815,4.0262,5.053,2014-07-14
2014,7,15,3.9622,4.0188,5.5788,2014-07-15
2014,7,16,3.9612,3.9907,5.5697,2014-07-16
2014,7,17,1.8432,3.7032,0.5258,2014-07-17
2014,7,18,4.6008,4.6702,7.9949,2014-07-18
2014,7,19,4.5823,4.6286,7.8055,2014-07-19
2014,7,20,4.6214,4.6574,7.9152,2014-07-20
2014,7,21,4.4539,4.4863,7.259,2014-07-21
2014,7,22,3.4824,4.0889,4.1818,2014-07-22
2014,7,23,0.6833,3.8813,0.3245,2014-07-23
2014,7,24,2.7319,4.5528,1.4959,2014-07-24
2014,7,25,4.6183,4.8293,7.3438,2014-07-25
2014,7,26,4.6279,4.7422,7.4232,2014-07-26
2014,7,27,4.6562,4.7431,7.3565,2014-07-27
2014,7,28,1.9486,4.1237,1.71,2014-07-28
2014,7,29,3.4579,4.2415,3.5518,2014-07-29
2014,7,30,1.1623,4.2677,0.1462,2014-07-30
2014,7,31,4.3464,4.4026,5.9491,2014-07-31
2014,8,1,4.1866,4.4069,5.6834,2014-08-01
2014,8,2,4.4707,4.5638,6.6024,2014-08-02
2014,8,3,4.6738,4.752,6.8129,2014-08-03
2014,8,4,2.598,4.4328,2.2181,2014-08-04
2014,8,5,4.8674,4.873,7.2312,2014-08-05
2014,8,6,4.7513,4.7729,7.0207,2014-08-06
2014,8,7,1.955,4.4191,1.891,2014-08-07
2014,8,8,2.0597,4.5958,0.1906,2014-08-08
2014,8,9,2.0762,4.4112,0.0218,2014-08-09
2014,8,10,4.751,4.8113,6.4822,2014-08-10
2014,8,11,3.6931,4.5502,4.3162,2014-08-11
2014,8,12,3.0096,4.4688,1.9094,2014-08-12
2014,8,13,4.8379,5.5039,5.8862,2014-08-13
2014,8,14,5.022,5.515,5.688,2014-08-14
2014,8,15,2.1444,4.7342,0.5023,2014-08-15
2014,8,16,4.7974,4.877,5.8757,2014-08-16
2014,8,17,3.3766,4.843,2.3158,2014-08-17
2014,8,18,5.2349,5.2766,7.3968,2014-08-18
2014,8,19,5.3186,5.3472,7.6949,2014-08-19
2014,8,20,5.441,5.4648,7.9622,2014-08-20
2014,8,21,5.5193,5.5334,7.9574,2014-08-21
2014,8,22,4.8737,5.0791,5.8985,2014-08-22
2014,8,23,4.8902,5.0155,5.7564,2014-08-23
2014,8,24,4.679,4.8528,4.849,2014-08-24
2014,8,25,2.8944,5.645,1.937,2014-08-25
2014,8,26,5.9789,6.001,9.1258,2014-08-26
2014,8,27,5.8308,6.0283,8.3198,2014-08-27
2014,8,28,5.3719,5.9131,6.4711,2014-08-28
2014,8,29,5.767,5.8126,7.7678,2014-08-29
2014,8,30,4.3198,4.8708,3.1061,2014-08-30
2014,8,31,3.7764,4.789,2.6729,2014-08-31
2014,9,1,5.299,5.3491,5.9534,2014-09-01
2014,9,2,4.0678,5.3342,4.2958,2014-09-02
2014,9,3,5.3443,5.4631,5.9054,2014-09-03
2014,9,4,1.4986,4.9778,0.2261,2014-09-04
2014,9,5,5.2985,5.604,5.9614,2014-09-05
2014,9,6,3.5664,5.2267,2.1142,2014-09-06
2014,9,7,3.5554,5.7905,1.0654,2014-09-07
2014,9,8,5.6558,5.7744,6.7661,2014-09-08
2014,9,9,5.8212,5.9518,7.0721,2014-09-09
2014,9,10,4.3498,5.5224,3.4078,2014-09-10
2014,9,11,1.8677,5.6028,0.3007,2014-09-11
2014,9,12,4.2785,5.5805,2.6882,2014-09-12
2014,9,13,5.6429,5.8706,6.1747,2014-09-13
2014,9,14,3.3763,5.2056,1.319,2014-09-14
2014,9,15,5.5718,6.6523,5.8464,2014-09-15
2014,9,16,6.869,6.8981,9.4939,2014-09-16
2014,9,17,4.2617,6.21,1.5168,2014-09-17
2014,9,18,1.9646,4.5799,0.0674,2014-09-18
2014,9,19,1.937,5.7845,0.2971,2014-09-19
2014,9,20,6.0262,6.6098,6.0533,2014-09-20
2014,9,21,7.0891,7.103,9.9341,2014-09-21
2014,9,22,7.0368,7.08,9.4171,2014-09-22
2014,9,23,5.5152,6.5095,5.1091,2014-09-23
2014,9,24,1.7494,5.9453,0.2376,2014-09-24
2014,9,25,3.2758,5.9702,1.1076,2014-09-25
2014,9,26,2.0285,6.024,0.2434,2014-09-26
2014,9,27,3.2174,6.3665,1.2014,2014-09-27
2014,9,28,4.0798,6.066,0.9149,2014-09-28
2014,9,29,4.6238,5.9926,2.1127,2014-09-29
2014,9,30,5.4667,6.2484,4.3531,2014-09-30
2014,10,1,3.6936,6.8054,0.5066,2014-10-01
2014,10,2,6.7313,6.9499,7.0022,2014-10-02
2014,10,3,6.7579,7.0771,6.8503,2014-10-03
2014,10,4,6.348,6.9156,5.3736,2014-10-04
2014,10,5,3.9187,6.6002,1.6354,2014-10-05
2014,10,6,1.9574,6.4238,0.305,2014-10-06
2014,10,7,5.6153,6.8062,4.0174,2014-10-07
2014,10,8,6.6907,7.0906,6.8371,2014-10-08
2014,10,9,7.3013,7.3572,8.7346,2014-10-09
2014,10,10,4.5307,6.643,3.066,2014-10-10
2014,10,11,2.9038,6.0614,0.5424,2014-10-11
2014,10,12,6.1788,6.6442,4.602,2014-10-12
2014,10,13,5.6477,6.618,3.9725,2014-10-13
2014,10,14,6.6984,7.0248,6.2441,2014-10-14
2014,10,15,6.3523,6.9694,4.6548,2014-10-15
2014,10,16,7.103,7.2394,7.0678,2014-10-16
2014,10,17,6.8074,7.1042,6.3754,2014-10-17
2014,10,18,5.5613,6.725,2.7475,2014-10-18
2014,10,19,6.1646,6.6816,4.2763,2014-10-19
2014,10,20,6.2033,7.3591,3.6866,2014-10-20
2014,10,21,8.125,8.1984,10.325,2014-10-21
2014,10,22,7.3087,8.0806,6.0271,2014-10-22
2014,10,23,7.0176,7.8504,5.6102,2014-10-23
2014,10,24,6.8064,7.6414,5.796,2014-10-24
2014,10,25,7.542,7.9654,8.0494,2014-10-25
2014,10,26,7.4878,7.8706,7.83,2014-10-26
2014,10,27,7.7426,7.9994,8.8207,2014-10-27
2014,10,28,6.8354,7.7323,5.6191,2014-10-28
2014,10,29,6.037,7.5317,3.8054,2014-10-29
2014,10,30,3.8179,7.7141,1.8552,2014-10-30
2014,10,31,5.2411,7.6529,3.7879,2014-10-31
2014,11,1,1.4513,7.4534,0.3751,2014-11-01
2014,11,2,1.7878,7.2019,0.1306,2014-11-02
2014,11,3,4.6094,7.5194,3.2179,2014-11-03
2014,11,4,2.1017,7.8998,0.6108,2014-11-04
2014,11,5,8.3114,8.441,9.871,2014-11-05
2014,11,6,6.2174,7.8833,5.3318,2014-11-06
2014,11,7,0.9578,7.7518,0.4226,2014-11-07
2014,11,8,7.4374,8.3302,6.6602,2014-11-08
2014,11,9,8.6976,8.7,11.1934,2014-11-09
2014,11,10,8.4086,8.4521,10.4275,2014-11-10
2014,11,11,0.8736,7.6409,0.311,2014-11-11
2014,11,12,6.361,8.1763,4.9555,2014-11-12
2014,11,13,5.813,8.425,3.359,2014-11-13
2014,11,14,8.8416,8.921,10.7844,2014-11-14
2014,11,15,8.9604,9.0077,11.3191,2014-11-15
2014,11,16,8.9213,8.9429,11.2265,2014-11-16
2014,11,17,8.7178,8.7838,10.6512,2014-11-17
2014,11,18,6.9917,8.4067,5.1562,2014-11-18
2014,11,19,1.271,8.0575,0.1733,2014-11-19
2014,11,20,4.7501,8.2085,0.9982,2014-11-20
2014,11,21,5.9479,8.0834,3.1466,2014-11-21
2014,11,22,7.2905,8.5814,6.2335,2014-11-22
2014,11,23,8.7492,8.8373,10.595,2014-11-23
2014,11,24,6.7082,8.2416,4.0574,2014-11-24
2014,11,25,2.1259,8.0347,1.1448,2014-11-25
2014,11,26,7.1928,8.4446,5.2313,2014-11-26
2014,11,27,8.0568,8.5334,7.9169,2014-11-27
2014,11,28,8.1173,8.6549,7.9366,2014-11-28
2014,11,29,7.9762,8.4595,8.2589,2014-11-29
2014,11,30,7.5168,8.2591,6.8026,2014-11-30
2014,12,1,2.3292,8.2111,0.239,2014-12-01
2014,12,2,3.2141,8.3045,0.3869,2014-12-02
2014,12,3,8.8049,9.1186,9.9852,2014-12-03
2014,12,4,9.0252,9.1514,11.0009,2014-12-04
2014,12,5,8.5056,8.9914,9.5532,2014-12-05
2014,12,6,8.5661,8.7485,9.6082,2014-12-06
2014,12,7,8.5548,8.7614,9.5892,2014-12-07
2014,12,8,7.2408,8.6616,5.6844,2014-12-08
2014,12,9,7.0891,8.4662,5.2246,2014-12-09
2014,12,10,5.9297,8.365,3.4368,2014-12-10
2014,12,11,6.4771,8.3174,2.4547,2014-12-11
2014,12,12,6.5038,8.3436,4.6946,2014-12-12
2014,12,13,7.3706,8.4379,6.313,2014-12-13
2014,12,14,7.3745,8.6815,5.028,2014-12-14
2014,12,15,7.4743,8.4154,5.1614,2014-12-15
2014,12,16,5.6122,8.1446,0.9588,2014-12-16
2014,12,17,0.8021,8.0278,0.1783,2014-12-17
2014,12,18,6.2023,8.5306,2.8471,2014-12-18
2014,12,19,8.0078,8.6616,8.3489,2014-12-19
2014,12,20,8.016,8.4427,7.7506,2014-12-20
2014,12,21,3.1728,8.291,0.6924,2014-12-21
2014,12,22,5.3064,8.6102,2.8598,2014-12-22
2014,12,23,8.9316,9.1006,10.0718,2014-12-23
2014,12,24,7.1455,8.6062,4.3735,2014-12-24
2014,12,25,6.9154,8.351,4.4959,2014-12-25
2014,12,26,7.7335,8.2997,7.2679,2014-12-26
2014,12,27,6.2666,8.2135,2.748,2014-12-27
2014,12,28,5.6575,8.2034,2.8757,2014-12-28
2014,12,29,4.8797,8.0364,1.1782,2014-12-29
2014,12,30,3.8455,8.1922,0.823,2014-12-30
2014,12,31,7.1141,8.3292,4.4167,2014-12-31
2015,1,1,6.3586,8.5817,4.1822,2015-01-01
2015,1,2,3.5354,8.1586,0.2028,2015-01-02
2015,1,3,5.9093,8.1564,3.497,2015-01-03
2015,1,4,6.5376,8.1823,5.4602,2015-01-04
2015,1,5,7.7477,8.2207,6.5734,2015-01-05
2015,1,6,7.8696,8.4151,7.3135,2015-01-06
2015,1,7,7.3068,8.3904,5.6273,2015-01-07
2015,1,8,6.4632,8.3047,3.3953,2015-01-08
2015,1,9,7.4249,8.2987,5.5258,2015-01-09
2015,1,10,8.1264,8.3594,7.9742,2015-01-10
2015,1,11,5.8001,8.399,4.2487,2015-01-11
2015,1,12,7.9219,8.37,7.3147,2015-01-12
2015,1,13,7.7467,8.5042,6.6902,2015-01-13
2015,1,14,6.2074,8.2205,4.4489,2015-01-14
2015,1,15,2.7962,7.9968,1.1062,2015-01-15
2015,1,16,6.6115,8.196,3.9958,2015-01-16
2015,1,17,6.571,8.1646,4.3279,2015-01-17
2015,1,18,3.3818,8.137,1.0286,2015-01-18
2015,1,19,7.5108,8.0974,5.976,2015-01-19
2015,1,20,4.1422,7.979,0.6482,2015-01-20
2015,1,21,5.8493,8.1161,2.9875,2015-01-21
2015,1,22,7.6354,8.5118,8.0203,2015-01-22
2015,1,23,7.0975,8.3686,6.0286,2015-01-23
2015,1,24,3.1147,8.1648,1.5662,2015-01-24
2015,1,25,8.1427,8.3208,8.4509,2015-01-25
2015,1,26,7.6531,8.3419,7.1681,2015-01-26
2015,1,27,5.887,7.997,2.9232,2015-01-27
2015,1,28,5.8762,7.9961,4.193,2015-01-28
2015,1,29,4.853,7.969,2.5188,2015-01-29
2015,1,30,8.2601,8.503,9.6312,2015-01-30
2015,1,31,8.1955,8.4979,9.2779,2015-01-31
2015,2,1,7.739,8.1862,7.8734,2015-02-01
2015,2,2,7.7021,8.047,7.2425,2015-02-02
2015,2,3,1.5989,8.0225,0.0979,2015-02-03
2015,2,4,7.3937,7.945,6.5834,2015-02-04
2015,2,5,6.9912,8.1024,6.2371,2015-02-05
2015,2,6,7.9224,8.3938,8.5531,2015-02-06
2015,2,7,7.949,8.4682,8.8502,2015-02-07
2015,2,8,8.1077,8.2656,9.6418,2015-02-08
2015,2,9,7.6394,8.0714,7.8658,2015-02-09
2015,2,10,6.0643,7.8084,4.4503,2015-02-10
2015,2,11,3.4483,7.6406,1.0877,2015-02-11
2015,2,12,5.2368,7.4928,3.3502,2015-02-12
2015,2,13,3.4351,7.3567,0.1865,2015-02-13
2015,2,14,4.6164,7.6565,1.6798,2015-02-14
2015,2,15,7.2502,8.0448,7.8238,2015-02-15
2015,2,16,4.5763,7.8682,1.3706,2015-02-16
2015,2,17,6.3622,7.891,6.0542,2015-02-17
2015,2,18,7.547,7.9418,8.425,2015-02-18
2015,2,19,4.8341,7.5509,1.6236,2015-02-19
2015,2,20,6.0696,7.693,3.5575,2015-02-20
2015,2,21,5.8793,7.6178,4.6361,2015-02-21
2015,2,22,5.724,7.4131,4.2586,2015-02-22
2015,2,23,6.6403,7.5024,6.4265,2015-02-23
2015,2,24,7.4657,7.6462,8.2198,2015-02-24
2015,2,25,7.4395,7.6721,8.1374,2015-02-25
2015,2,26,6.468,7.3944,5.4694,2015-02-26
2015,2,27,3.7606,7.3162,1.811,2015-02-27
2015,2,28,5.3938,7.211,3.0463,2015-02-28
2015,3,1,6.1646,7.1683,5.5462,2015-03-01
2015,3,2,5.9623,7.2288,4.4129,2015-03-02
2015,3,3,6.3974,7.2091,5.7842,2015-03-03
2015,3,4,4.6162,6.9828,1.9651,2015-03-04
2015,3,5,3.2854,6.8758,0.4584,2015-03-05
2015,3,6,5.5327,7.0649,5.2838,2015-03-06
2015,3,7,5.9602,7.0783,5.6124,2015-03-07
2015,3,8,6.5438,7.122,6.7613,2015-03-08
2015,3,9,7.098,7.441,8.6772,2015-03-09
2015,3,10,7.0723,7.3109,8.6566,2015-03-10
2015,3,11,6.9137,7.3188,8.099,2015-03-11
2015,3,12,6.96,7.3054,8.5234,2015-03-12
2015,3,13,6.9941,7.2876,8.7331,2015-03-13
2015,3,14,6.8702,7.0786,8.2222,2015-03-14
2015,3,15,6.3965,6.937,6.4673,2015-03-15
2015,3,16,6.6101,7.0202,7.9032,2015-03-16
2015,3,17,6.528,6.9766,7.8293,2015-03-17
2015,3,18,6.4608,6.875,7.2497,2015-03-18
2015,3,19,6.5285,6.8014,7.5828,2015-03-19
2015,3,20,6.498,6.8206,7.5578,2015-03-20
2015,3,21,6.3794,6.745,6.8654,2015-03-21
2015,3,22,6.9535,6.9742,9.2386,2015-03-22
2015,3,23,6.7541,6.8786,8.3126,2015-03-23
2015,3,24,6.4471,6.7138,6.7411,2015-03-24
2015,3,25,6.1598,6.4723,6.4003,2015-03-25
2015,3,26,0.6859,5.9938,0.2194,2015-03-26
2015,3,27,1.7892,6.2582,0.4874,2015-03-27
2015,3,28,2.0582,6.1478,0.4054,2015-03-28
2015,3,29,2.113,6.2856,0.4906,2015-03-29
2015,3,30,5.1742,6.4846,4.3174,2015-03-30
2015,3,31,5.065,6.4766,4.0819,2015-03-31
2015,4,1,6.3792,6.5146,8.0736,2015-04-01
2015,4,2,6.6574,6.6658,9.4819,2015-04-02
2015,4,3,5.7883,6.3072,7.2295,2015-04-03
2015,4,4,0.6281,5.9254,0.257,2015-04-04
2015,4,5,3.7126,6.0283,2.7562,2015-04-05
2015,4,6,6.0516,6.1781,8.0573,2015-04-06
2015,4,7,5.6846,6.1531,5.3098,2015-04-07
2015,4,8,5.6489,5.9489,7.0822,2015-04-08
2015,4,9,4.5715,5.814,3.0749,2015-04-09
2015,4,10,5.7058,5.8834,7.1897,2015-04-10
2015,4,11,5.4622,5.7792,5.843,2015-04-11
2015,4,12,4.3855,5.7048,2.2978,2015-04-12
2015,4,13,1.7141,5.4418,0.2141,2015-04-13
2015,4,14,1.9493,5.4804,0.6391,2015-04-14
2015,4,15,2.5913,5.5903,2.3765,2015-04-15
2015,4,16,5.5325,5.6618,7.6306,2015-04-16
2015,4,17,0.7661,5.311,0.3986,2015-04-17
2015,4,18,2.8056,5.2807,0.3338,2015-04-18
2015,4,19,3.8088,4.9495,1.9154,2015-04-19
2015,4,20,2.2378,5.0878,1.1914,2015-04-20
2015,4,21,3.5962,5.0515,1.7803,2015-04-21
2015,4,22,5.3806,5.4178,7.4472,2015-04-22
2015,4,23,5.3789,5.4727,7.8482,2015-04-23
2015,4,24,5.1377,5.2891,6.5023,2015-04-24
2015,4,25,5.2579,5.5118,6.9257,2015-04-25
2015,4,26,5.4014,5.4158,8.2068,2015-04-26
2015,4,27,4.4057,5.0923,3.8784,2015-04-27
2015,4,28,4.6754,5.2102,6.1308,2015-04-28
2015,4,29,5.2044,5.2171,7.7186,2015-04-29
2015,4,30,4.8744,5.0796,6.493,2015-04-30
2015,5,1,4.7074,4.9862,5.7756,2015-05-01
2015,5,2,4.7762,4.9519,6.3782,2015-05-02
2015,5,3,1.8118,4.5773,0.8474,2015-05-03
2015,5,4,5.2939,5.347,8.5368,2015-05-04
2015,5,5,5.1463,5.2121,7.8456,2015-05-05
2015,5,6,4.7923,5.0825,6.2906,2015-05-06
2015,5,7,4.1647,4.9757,4.1671,2015-05-07
2015,5,8,3.2784,4.7177,2.2474,2015-05-08
2015,5,9,2.2829,4.2329,0.7963,2015-05-09
2015,5,10,1.9898,4.4395,0.9362,2015-05-10
2015,5,11,3.9374,4.7297,4.5211,2015-05-11
2015,5,12,4.1052,4.7515,5.3364,2015-05-12
2015,5,13,3.9521,4.488,3.9103,2015-05-13
2015,5,14,2.299,4.4174,1.2163,2015-05-14
2015,5,15,1.4014,4.405,0.7186,2015-05-15
2015,5,16,3.5302,4.2893,3.2167,2015-05-16
2015,5,17,1.8065,4.1119,0.2698,2015-05-17
2015,5,18,3.7025,4.2101,3.7522,2015-05-18
2015,5,19,4.2341,4.4858,6.3456,2015-05-19
2015,5,20,4.4165,4.4875,6.8239,2015-05-20
2015,5,21,4.2036,4.3402,6.1454,2015-05-21
2015,5,22,1.6706,4.039,0.3372,2015-05-22
2015,5,23,2.7127,4.061,1.2204,2015-05-23
2015,5,24,1.668,3.8527,0.3866,2015-05-24
2015,5,25,1.3999,3.823,0.4637,2015-05-25
2015,5,26,1.3346,3.7906,0.2268,2015-05-26
2015,5,27,1.6049,3.8551,0.2578,2015-05-27
2015,5,28,3.8822,4.3229,5.0657,2015-05-28
2015,5,29,2.9155,4.315,1.045,2015-05-29
2015,5,30,2.4557,4.1242,0.5215,2015-05-30
2015,5,31,2.8699,4.1681,3.1126,2015-05-31
2015,6,1,3.4519,4.1702,4.7234,2015-06-01
2015,6,2,2.4418,3.6696,1.8168,2015-06-02
2015,6,3,2.7751,3.5064,1.8682,2015-06-03
2015,6,4,2.5572,3.7553,1.9747,2015-06-04
2015,6,5,3.7742,3.9614,5.3345,2015-06-05
2015,6,6,3.7934,4.1078,6.1942,2015-06-06
2015,6,7,4.0195,4.0286,6.5954,2015-06-07
2015,6,8,3.491,3.9468,4.6682,2015-06-08
2015,6,9,3.1733,3.9569,3.6958,2015-06-09
2015,6,10,2.9978,3.7798,2.6693,2015-06-10
2015,6,11,1.092,3.4123,0.2261,2015-06-11
2015,6,12,3.8861,3.9713,5.8776,2015-06-12
2015,6,13,1.374,3.7385,0.5318,2015-06-13
2015,6,14,1.3308,3.8105,0.5028,2015-06-14
2015,6,15,4.3942,4.4165,8.0426,2015-06-15
2015,6,16,3.6667,4.1918,5.9563,2015-06-16
2015,6,17,0.8822,3.1109,0.2064,2015-06-17
2015,6,18,2.7497,4.0656,2.9258,2015-06-18
2015,6,19,4.4417,4.4546,8.0724,2015-06-19
2015,6,20,2.8061,3.8474,3.3118,2015-06-20
2015,6,21,3.0612,3.7145,3.145,2015-06-21
2015,6,22,3.275,3.7414,4.2014,2015-06-22
2015,6,23,1.8972,3.6271,0.5131,2015-06-23
2015,6,24,1.9601,3.8549,1.3874,2015-06-24
2015,6,25,3.8868,3.8959,6.0516,2015-06-25
2015,6,26,3.6754,3.8014,5.3028,2015-06-26
2015,6,27,3.3607,3.797,3.3293,2015-06-27
2015,6,28,1.3802,3.6408,0.4486,2015-06-28
2015,6,29,1.601,3.5599,0.7085,2015-06-29
2015,6,30,1.9466,3.7212,1.3274,2015-06-30
2015,7,1,3.168,4.0068,3.917,2015-07-01
2015,7,2,0.8892,2.9671,0.1087,2015-07-02
2015,7,3,2.5147,3.8446,2.3707,2015-07-03
2015,7,4,3.2743,4.2972,1.7275,2015-07-04
2015,7,5,3.7078,4.2041,4.1381,2015-07-05
2015,7,6,0.822,3.4027,0.0926,2015-07-06
2015,7,7,1.1237,3.5292,0.0317,2015-07-07
2015,7,8,1.075,3.8786,0.2945,2015-07-08
2015,7,9,3.2678,3.9655,3.0581,2015-07-09
2015,7,10,2.2874,3.714,1.5055,2015-07-10
2015,7,11,2.7636,3.7757,2.4396,2015-07-11
2015,7,12,2.8462,3.8141,3.078,2015-07-12
2015,7,13,1.9567,3.5935,0.1265,2015-07-13
2015,7,14,1.1237,3.8242,0.1145,2015-07-14
2015,7,15,2.3964,4.2137,0.469,2015-07-15
2015,7,16,2.2262,4.0488,2.7936,2015-07-16
2015,7,17,3.5026,4.1856,3.756,2015-07-17
2015,7,18,3.2105,4.0058,4.2055,2015-07-18
2015,7,19,3.8791,4.1314,5.5176,2015-07-19
2015,7,20,0.7397,3.7649,0.18,2015-07-20
2015,7,21,4.4995,4.7155,7.0582,2015-07-21
2015,7,22,4.5518,4.5881,7.0363,2015-07-22
2015,7,23,1.0356,3.9713,0.1795,2015-07-23
2015,7,24,3.4942,4.4887,4.0831,2015-07-24
2015,7,25,4.2338,4.4983,5.5766,2015-07-25
2015,7,26,4.6301,4.7064,7.3082,2015-07-26
2015,7,27,4.1386,4.457,5.9782,2015-07-27
2015,7,28,3.9254,4.3992,5.1274,2015-07-28
2015,7,29,4.235,4.3922,5.9237,2015-07-29
2015,7,30,4.5048,4.5415,6.7291,2015-07-30
2015,7,31,4.4004,4.434,6.2004,2015-07-31
2015,8,1,3.5772,4.355,3.5789,2015-08-01
2015,8,2,4.525,4.5866,6.5016,2015-08-02
2015,8,3,3.9137,4.452,4.2545,2015-08-03
2015,8,4,3.4433,4.2468,3.3127,2015-08-04
2015,8,5,4.1153,4.399,4.9716,2015-08-05
2015,8,6,4.1842,4.4851,4.5756,2015-08-06
2015,8,7,3.9674,4.4868,4.6598,2015-08-07
2015,8,8,4.4664,4.5449,5.7142,2015-08-08
2015,8,9,4.7417,4.7957,6.6389,2015-08-09
2015,8,10,1.0318,4.2026,0.0708,2015-08-10
2015,8,11,2.9642,4.4482,0.8945,2015-08-11
2015,8,12,4.0121,4.6459,3.6768,2015-08-12
2015,8,13,1.9774,4.3075,0.3607,2015-08-13
2015,8,14,1.7923,4.4513,0.0535,2015-08-14
2015,8,15,1.5701,4.8218,0.63,2015-08-15
2015,8,16,2.3261,4.4978,0.265,2015-08-16
2015,8,17,2.1413,4.5991,0.2861,2015-08-17
2015,8,18,4.7748,5.1319,5.2058,2015-08-18
2015,8,19,5.3323,5.5327,7.9469,2015-08-19
2015,8,20,2.8841,5.3446,1.4155,2015-08-20
2015,8,21,5.4276,5.4329,7.8206,2015-08-21
2015,8,22,3.0408,4.6423,0.6996,2015-08-22
2015,8,23,2.6563,4.6373,0.2575,2015-08-23
2015,8,24,2.4382,4.9889,1.1467,2015-08-24
2015,8,25,4.3771,5.1221,3.9314,2015-08-25
2015,8,26,3.5074,4.3104,1.554,2015-08-26
2015,8,27,5.5486,5.7758,7.2485,2015-08-27
2015,8,28,5.8442,5.8824,8.3398,2015-08-28
2015,8,29,5.617,5.845,7.3438,2015-08-29
2015,8,30,5.7461,5.7989,7.7302,2015-08-30
2015,8,31,5.6316,5.6794,7.3068,2015-08-31
2015,9,1,4.0975,5.1067,3.3691,2015-09-01
2015,9,2,3.6439,5.2205,2.4223,2015-09-02
2015,9,3,2.9093,4.895,1.1578,2015-09-03
2015,9,4,6.0329,6.0398,8.0606,2015-09-04
2015,9,5,6.0742,6.1603,8.0707,2015-09-05
2015,9,6,6.1234,6.1625,8.2567,2015-09-06
2015,9,7,2.341,5.5008,0.8806,2015-09-07
2015,9,8,5.7245,5.9417,6.2762,2015-09-08
2015,9,9,5.963,6.2544,7.3814,2015-09-09
2015,9,10,3.7711,5.6813,2.527,2015-09-10
2015,9,11,6.1133,6.6386,7.1194,2015-09-11
2015,9,12,6.4128,6.7798,7.7566,2015-09-12
2015,9,13,6.9307,6.9434,9.7534,2015-09-13
2015,9,14,6.7632,6.7776,9.3086,2015-09-14
2015,9,15,5.5615,5.9011,5.6599,2015-09-15
2015,9,16,5.4922,5.6712,4.7942,2015-09-16
2015,9,17,5.5954,5.8538,5.1672,2015-09-17
2015,9,18,5.2418,5.5464,4.2554,2015-09-18
2015,9,19,4.752,5.159,2.8378,2015-09-19
2015,9,20,4.4825,5.3028,3.0247,2015-09-20
2015,9,21,4.8286,5.2267,3.3305,2015-09-21
2015,9,22,4.427,4.8307,2.2145,2015-09-22
2015,9,23,4.404,4.7489,2.3369,2015-09-23
2015,9,24,3.3526,5.3179,1.0034,2015-09-24
2015,9,25,1.7746,5.7883,0.0533,2015-09-25
2015,9,26,1.5456,5.9028,0.3077,2015-09-26
2015,9,27,4.0387,6.5767,2.2651,2015-09-27
2015,9,28,7.1117,7.1942,9.0749,2015-09-28
2015,9,29,3.6122,6.6432,2.1502,2015-09-29
2015,9,30,5.8176,6.7332,4.669,2015-09-30
2015,10,1,6.4001,6.6866,6.3809,2015-10-01
2015,10,2,2.8548,6.3029,0.4728,2015-10-02
2015,10,3,1.135,6.6878,0.0569,2015-10-03
2015,10,4,7.0188,7.1393,8.4072,2015-10-04
2015,10,5,5.5814,6.8215,4.2878,2015-10-05
2015,10,6,6.4704,6.851,5.6674,2015-10-06
2015,10,7,6.4543,6.6089,6.1692,2015-10-07
2015,10,8,4.4746,6.1258,1.4734,2015-10-08
2015,10,9,0.9866,6.7754,0.0427,2015-10-09
2015,10,10,2.3798,7.3296,0.5018,2015-10-10
2015,10,11,2.5781,7.2067,0.5287,2015-10-11
2015,10,12,3.7702,7.5893,2.621,2015-10-12
2015,10,13,3.3871,7.4527,2.16,2015-10-13
2015,10,14,7.0661,7.278,7.5883,2015-10-14
2015,10,15,6.2138,7.0757,5.4178,2015-10-15
2015,10,16,5.904,7.0188,4.4222,2015-10-16
2015,10,17,6.4202,7.0793,4.8734,2015-10-17
2015,10,18,5.7922,6.8976,2.784,2015-10-18
2015,10,19,6.402,6.955,5.0023,2015-10-19
2015,10,20,6.2782,6.7469,4.2216,2015-10-20
2015,10,21,4.9106,7.0092,2.129,2015-10-21
2015,10,22,6.8806,6.9838,5.8279,2015-10-22
2015,10,23,6.5462,7.3702,5.3222,2015-10-23
2015,10,24,5.748,6.9269,4.0973,2015-10-24
2015,10,25,3.0869,6.3283,0.397,2015-10-25
2015,10,26,1.7009,6.504,0.3674,2015-10-26
2015,10,27,2.9765,7.1846,1.4573,2015-10-27
2015,10,28,7.4021,7.8365,7.7438,2015-10-28
2015,10,29,7.2257,7.9042,7.6181,2015-10-29
2015,10,30,1.0198,7.3217,0.193,2015-10-30
2015,10,31,5.6765,7.8079,4.7659,2015-10-31
2015,11,1,4.1215,7.6087,1.1362,2015-11-01
2015,11,2,3.629,7.5912,0.8654,2015-11-02
2015,11,3,3.5062,7.5331,1.4076,2015-11-03
2015,11,4,2.615,7.127,0.0718,2015-11-04
2015,11,5,4.0625,7.9632,1.1964,2015-11-05
2015,11,6,7.3435,8.346,7.1083,2015-11-06
2015,11,7,4.2247,8.1487,2.1473,2015-11-07
2015,11,8,2.9786,8.027,1.6709,2015-11-08
2015,11,9,7.9608,8.004,8.8198,2015-11-09
2015,11,10,7.4736,7.788,6.7632,2015-11-10
2015,11,11,3.6341,7.5523,0.8076,2015-11-11
2015,11,12,7.2218,7.5139,5.8354,2015-11-12
2015,11,13,7.1376,7.8746,5.4845,2015-11-13
2015,11,14,7.4146,8.2128,6.6302,2015-11-14
2015,11,15,6.4327,7.902,3.9996,2015-11-15
2015,11,16,3.4709,7.452,2.0263,2015-11-16
2015,11,17,7.1134,7.9128,5.7658,2015-11-17
2015,11,18,4.4976,7.9255,1.0769,2015-11-18
2015,11,19,5.663,7.4258,3.1114,2015-11-19
2015,11,20,6.6826,8.6429,5.3203,2015-11-20
2015,11,21,8.1938,8.6998,8.1535,2015-11-21
2015,11,22,6.7946,8.4876,5.3834,2015-11-22
2015,11,23,4.2322,7.9248,0.714,2015-11-23
2015,11,24,7.1472,7.9858,5.7211,2015-11-24
2015,11,25,6.2594,7.919,3.9991,2015-11-25
2015,11,26,4.2518,7.7083,1.357,2015-11-26
2015,11,27,5.4077,7.8007,1.3142,2015-11-27
2015,11,28,3.4426,7.931,0.9048,2015-11-28
2015,11,29,3.0578,8.2546,0.1546,2015-11-29
2015,11,30,5.7511,8.3179,2.9722,2015-11-30
2015,12,1,3.7558,7.6306,1.2576,2015-12-01
2015,12,2,2.7266,7.5166,0.3499,2015-12-02
2015,12,3,5.9448,7.7676,3.2878,2015-12-03
2015,12,4,2.6549,8.0417,0.4018,2015-12-04
2015,12,5,3.0744,8.1173,0.0631,2015-12-05
2015,12,6,8.1432,8.5706,7.963,2015-12-06
2015,12,7,8.819,8.9002,10.3205,2015-12-07
2015,12,8,8.1701,8.5747,7.5598,2015-12-08
2015,12,9,6.2806,8.1682,4.6224,2015-12-09
2015,12,10,5.5608,8.3174,2.3306,2015-12-10
2015,12,11,7.1066,8.2498,5.9611,2015-12-11
2015,12,12,7.4856,7.9738,5.731,2015-12-12
2015,12,13,5.8975,8.1806,3.2014,2015-12-13
2015,12,14,7.0589,7.8106,5.0707,2015-12-14
2015,12,15,5.2889,8.0095,1.1681,2015-12-15
2015,12,16,7.1383,8.2798,6.1483,2015-12-16
2015,12,17,8.2913,8.412,8.5162,2015-12-17
2015,12,18,6.7231,8.3206,4.8946,2015-12-18
2015,12,19,1.6085,8.1648,0.4846,2015-12-19
2015,12,20,4.4729,8.0486,2.8195,2015-12-20
2015,12,21,6.8988,7.4626,4.434,2015-12-21
2015,12,22,7.9476,8.297,7.4724,2015-12-22
2015,12,23,6.9569,7.9891,5.2654,2015-12-23
2015,12,24,3.6934,8.1617,2.2966,2015-12-24
2015,12,25,5.287,8.0609,0.9192,2015-12-25
2015,12,26,5.1386,7.8996,1.423,2015-12-26
2015,12,27,4.0898,7.9817,0.8218,2015-12-27
2015,12,28,5.539,8.0407,2.3474,2015-12-28
2015,12,29,4.5598,7.9166,1.3027,2015-12-29
2015,12,30,7.627,8.2543,6.654,2015-12-30
2015,12,31,6.9055,8.2073,5.4432,2015-12-31
2016,1,1,6.6938,8.431,4.9003,2016-01-01
2016,1,2,7.2286,8.5219,5.2975,2016-01-02
2016,1,3,7.4851,8.3304,5.735,2016-01-03
2016,1,4,2.7122,7.9308,0.1745,2016-01-04
2016,1,5,5.005,7.8029,2.1895,2016-01-05
2016,1,6,5.5949,8.1026,0.8554,2016-01-06
2016,1,7,7.0762,8.1521,5.9107,2016-01-07
2016,1,8,5.112,8.0328,3.4915,2016-01-08
2016,1,9,6.3965,8.0426,2.9208,2016-01-09
2016,1,10,6.4346,8.13,5.3575,2016-01-10
2016,1,11,8.4434,8.5673,9.6156,2016-01-11
2016,1,12,8.2721,8.562,8.6318,2016-01-12
2016,1,13,6.3569,8.1557,4.1268,2016-01-13
2016,1,14,7.807,8.2675,7.0298,2016-01-14
2016,1,15,7.715,8.4641,8.153,2016-01-15
2016,1,16,8.4955,8.6827,9.9312,2016-01-16
2016,1,17,8.2073,8.5226,8.8046,2016-01-17
2016,1,18,7.0783,8.4895,6.9986,2016-01-18
2016,1,19,8.7156,8.7665,10.7095,2016-01-19
2016,1,20,8.6911,8.7583,10.4033,2016-01-20
2016,1,21,8.5481,8.6443,9.9218,2016-01-21
2016,1,22,8.2735,8.4871,8.7701,2016-01-22
2016,1,23,8.5394,8.6381,10.3135,2016-01-23
2016,1,24,8.6774,8.7377,10.5516,2016-01-24
2016,1,25,6.7464,8.2435,6.4452,2016-01-25
2016,1,26,0.6806,7.8319,0.2138,2016-01-26
2016,1,27,4.9788,8.4818,2.9662,2016-01-27
2016,1,28,7.4407,8.2176,7.301,2016-01-28
2016,1,29,7.6349,8.0623,7.1021,2016-01-29
2016,1,30,2.6566,7.8691,0.1344,2016-01-30
2016,1,31,4.7858,7.8084,1.0073,2016-01-31
2016,2,1,5.6978,8.1365,3.1574,2016-02-01
2016,2,2,3.3089,7.9452,0.1164,2016-02-02
2016,2,3,2.6426,7.685,0.6886,2016-02-03
2016,2,4,6.0665,7.8569,4.5139,2016-02-04
2016,2,5,6.438,7.697,4.6826,2016-02-05
2016,2,6,4.7558,7.8276,1.8924,2016-02-06
2016,2,7,7.5192,7.8286,7.519,2016-02-07
2016,2,8,7.1825,7.7926,5.79,2016-02-08
2016,2,9,6.299,7.698,3.2038,2016-02-09
2016,2,10,3.6463,7.429,0.2851,2016-02-10
2016,2,11,5.322,7.5305,1.9637,2016-02-11
2016,2,12,7.0718,7.7638,6.822,2016-02-12
2016,2,13,7.6742,7.8696,8.5706,2016-02-13
2016,2,14,6.0482,7.5994,3.4476,2016-02-14
2016,2,15,6.864,7.6063,5.5802,2016-02-15
2016,2,16,4.7405,7.6082,2.867,2016-02-16
2016,2,17,7.6313,7.7374,8.443,2016-02-17
2016,2,18,7.0898,7.5607,6.5832,2016-02-18
2016,2,19,7.29,7.6594,7.4167,2016-02-19
2016,2,20,3.869,7.2936,0.9262,2016-02-20
2016,2,21,6.0912,7.3975,4.1666,2016-02-21
2016,2,22,6.2458,7.465,5.5555,2016-02-22
2016,2,23,5.8598,7.3927,4.8538,2016-02-23
2016,2,24,5.9318,7.5473,4.6704,2016-02-24
2016,2,25,6.8976,7.4496,6.8386,2016-02-25
2016,2,26,7.0567,7.4748,7.5334,2016-02-26
2016,2,27,2.1643,7.2334,0.6096,2016-02-27
2016,2,28,6.2237,7.3937,5.6021,2016-02-28
2016,2,29,6.659,7.4354,7.087,2016-02-29
2016,3,1,1.8276,7.0613,0.4812,2016-03-01
2016,3,2,4.7611,7.2744,3.0686,2016-03-02
2016,3,3,5.891,7.4414,4.3574,2016-03-03
2016,3,4,6.8102,7.4712,6.7466,2016-03-04
2016,3,5,6.9182,7.3702,6.8275,2016-03-05
2016,3,6,6.4584,7.1611,5.6285,2016-03-06
2016,3,7,7.0944,7.2744,8.1166,2016-03-07
2016,3,8,3.2743,6.7925,0.6185,2016-03-08
2016,3,9,1.4712,6.7306,0.1632,2016-03-09
2016,3,10,5.333,6.9535,4.819,2016-03-10
2016,3,11,7.093,7.29,7.8221,2016-03-11
2016,3,12,6.2326,7.1213,6.3403,2016-03-12
2016,3,13,5.5402,6.9259,4.1534,2016-03-13
2016,3,14,6.7042,6.953,7.5766,2016-03-14
2016,3,15,6.7438,6.9936,7.71,2016-03-15
2016,3,16,6.8453,6.9482,8.3122,2016-03-16
2016,3,17,6.8698,6.9682,8.6064,2016-03-17
2016,3,18,6.7951,6.894,8.5001,2016-03-18
2016,3,19,2.2318,6.5729,0.0696,2016-03-19
2016,3,20,4.5811,6.3113,3.1152,2016-03-20
2016,3,21,3.4678,6.198,1.2012,2016-03-21
2016,3,22,3.1882,6.4663,0.5191,2016-03-22
2016,3,23,4.3728,6.515,3.4646,2016-03-23
2016,3,24,1.1839,5.9875,0.317,2016-03-24
2016,3,25,2.8901,6.1668,1.4645,2016-03-25
2016,3,26,3.7726,6.6115,2.1571,2016-03-26
2016,3,27,6.5777,6.6137,8.6645,2016-03-27
2016,3,28,6.5105,6.5515,8.5774,2016-03-28
2016,3,29,6.1745,6.4421,7.061,2016-03-29
2016,3,30,5.5838,6.2448,5.5944,2016-03-30
2016,3,31,3.3936,6.1536,0.2666,2016-03-31
2016,4,1,6.217,6.241,8.5834,2016-04-01
2016,4,2,6.0029,6.2102,7.8864,2016-04-02
2016,4,3,4.9181,6.0166,3.7368,2016-04-03
2016,4,4,5.9719,6.0288,7.6721,2016-04-04
2016,4,5,5.8279,5.9455,7.4962,2016-04-05
2016,4,6,5.6417,5.8992,7.0786,2016-04-06
2016,4,7,5.795,5.8699,7.8365,2016-04-07
2016,4,8,5.3441,5.7043,6.4152,2016-04-08
2016,4,9,1.5286,5.5615,0.3967,2016-04-09
2016,4,10,1.2214,5.4958,0.1423,2016-04-10
2016,4,11,3.7584,5.4965,2.5759,2016-04-11
2016,4,12,4.3966,5.4127,3.4183,2016-04-12
2016,4,13,3.7946,5.0904,1.542,2016-04-13
2016,4,14,5.1854,5.5354,6.2254,2016-04-14
2016,4,15,5.5548,5.568,7.8386,2016-04-15
2016,4,16,5.447,5.5188,7.638,2016-04-16
2016,4,17,5.4516,5.4835,7.3658,2016-04-17
2016,4,18,5.2301,5.4089,6.9466,2016-04-18
2016,4,19,5.359,5.4612,7.1717,2016-04-19
2016,4,20,5.1372,5.3465,6.3569,2016-04-20
2016,4,21,1.687,4.981,0.4723,2016-04-21
2016,4,22,1.8118,5.179,0.6238,2016-04-22
2016,4,23,5.118,5.237,7.0519,2016-04-23
2016,4,24,3.985,5.0904,4.8866,2016-04-24
2016,4,25,0.9106,5.0203,0.1706,2016-04-25
2016,4,26,1.5878,5.2733,0.6026,2016-04-26
2016,4,27,4.698,5.5438,5.382,2016-04-27
2016,4,28,4.7129,5.4451,5.171,2016-04-28
2016,4,29,5.2622,5.3818,7.4546,2016-04-29
2016,4,30,5.249,5.3383,7.6502,2016-04-30
2016,5,1,5.2291,5.4262,7.3968,2016-05-01
2016,5,2,3.2378,5.0491,2.8315,2016-05-02
2016,5,3,4.7952,4.9968,6.1627,2016-05-03
2016,5,4,4.9822,5.0496,7.541,2016-05-04
2016,5,5,2.3616,4.6346,1.5542,2016-05-05
2016,5,6,0.8818,4.0246,0.2258,2016-05-06
2016,5,7,1.4722,3.9406,0.4366,2016-05-07
2016,5,8,1.6644,4.2739,0.8081,2016-05-08
2016,5,9,0.6182,4.2401,0.1646,2016-05-09
2016,5,10,2.7038,4.4842,2.2608,2016-05-10
2016,5,11,1.7302,4.2403,0.7207,2016-05-11
2016,5,12,1.9846,4.4009,1.585,2016-05-12
2016,5,13,3.3662,4.5022,3.415,2016-05-13
2016,5,14,2.695,3.9785,1.6478,2016-05-14
2016,5,15,2.6746,4.2631,2.771,2016-05-15
2016,5,16,2.6554,4.4405,1.9634,2016-05-16
2016,5,17,3.0014,4.5101,2.8572,2016-05-17
2016,5,18,4.7129,4.7148,7.8542,2016-05-18
2016,5,19,4.5413,4.6466,7.1791,2016-05-19
2016,5,20,0.9962,3.997,0.3317,2016-05-20
2016,5,21,0.8369,4.2235,0.3941,2016-05-21
2016,5,22,3.1183,4.3891,3.7267,2016-05-22
2016,5,23,4.6135,4.6682,7.4988,2016-05-23
2016,5,24,4.11,4.5427,4.6373,2016-05-24
2016,5,25,2.3602,3.9038,0.7459,2016-05-25
2016,5,26,0.7226,3.6804,0.042,2016-05-26
2016,5,27,1.3918,3.8628,0.3264,2016-05-27
2016,5,28,0.5285,3.6437,0.0631,2016-05-28
2016,5,29,2.4403,3.6979,1.0661,2016-05-29
2016,5,30,2.5284,3.7843,1.4839,2016-05-30
2016,5,31,3.6048,4.0514,4.2463,2016-05-31
2016,6,1,2.6791,4.05,2.7914,2016-06-01
2016,6,2,3.7322,4.2914,4.5686,2016-06-02
2016,6,3,3.5786,4.175,3.8539,2016-06-03
2016,6,4,3.7586,4.0495,4.6711,2016-06-04
2016,6,5,4.0322,4.175,6.0691,2016-06-05
2016,6,6,3.0828,4.0615,1.5895,2016-06-06
2016,6,7,4.147,4.3426,6.0058,2016-06-07
2016,6,8,4.3596,4.3706,7.7861,2016-06-08
2016,6,9,3.7603,4.3939,6.1279,2016-06-09
2016,6,10,3.5827,4.2053,3.7718,2016-06-10
2016,6,11,4.3517,4.3646,7.7736,2016-06-11
2016,6,12,4.3855,4.3939,7.9459,2016-06-12
2016,6,13,3.3242,4.1662,3.2311,2016-06-13
2016,6,14,3.3878,3.9072,4.3579,2016-06-14
2016,6,15,1.8053,3.4272,0.4718,2016-06-15
2016,6,16,0.7586,3.2964,0.1634,2016-06-16
2016,6,17,3.2011,3.8578,3.4176,2016-06-17
2016,6,18,3.1306,3.9218,3.3574,2016-06-18
2016,6,19,4.1578,4.164,7.2034,2016-06-19
2016,6,20,1.8922,3.7807,1.181,2016-06-20
2016,6,21,4.0709,4.1225,6.5993,2016-06-21
2016,6,22,4.152,4.1786,6.9864,2016-06-22
2016,6,23,4.1028,4.1438,6.4992,2016-06-23
2016,6,24,3.085,3.7562,3.0828,2016-06-24
2016,6,25,2.7967,3.5602,1.687,2016-06-25
2016,6,26,1.1686,3.6871,0.2429,2016-06-26
2016,6,27,0.8714,3.529,0.228,2016-06-27
2016,6,28,1.7136,3.54,0.3538,2016-06-28
2016,6,29,2.8301,3.7505,1.4182,2016-06-29
2016,6,30,3.7954,3.9396,5.8054,2016-06-30
2016,7,1,3.9408,3.9689,6.343,2016-07-01
2016,7,2,3.979,4.0018,6.3638,2016-07-02
2016,7,3,3.8407,3.954,5.6851,2016-07-03
2016,7,4,2.185,3.653,0.0912,2016-07-04
2016,7,5,0.8542,3.6634,0.2566,2016-07-05
2016,7,6,3.8501,4.3342,5.7461,2016-07-06
2016,7,7,3.9514,4.386,5.6486,2016-07-07
2016,7,8,2.28,3.973,0.1786,2016-07-08
2016,7,9,3.2407,3.7514,4.0354,2016-07-09
2016,7,10,3.523,3.9187,4.7604,2016-07-10
2016,7,11,3.5002,3.8844,4.3022,2016-07-11
2016,7,12,2.388,3.8957,1.2511,2016-07-12
2016,7,13,2.0822,3.6859,1.6402,2016-07-13
2016,7,14,2.8963,3.7932,3.3278,2016-07-14
2016,7,15,1.3831,3.6029,0.4985,2016-07-15
2016,7,16,4.4618,4.5802,7.0289,2016-07-16
2016,7,17,4.3738,4.5881,6.9946,2016-07-17
2016,7,18,2.3621,4.5031,1.5646,2016-07-18
2016,7,19,4.4244,4.5758,6.7651,2016-07-19
2016,7,20,4.1148,4.4861,6.228,2016-07-20
2016,7,21,4.6548,4.6958,7.9289,2016-07-21
2016,7,22,4.4381,4.5811,6.5467,2016-07-22
2016,7,23,3.761,4.2646,5.1866,2016-07-23
2016,7,24,3.7862,4.2679,3.5405,2016-07-24
2016,7,25,3.7944,4.2338,4.4592,2016-07-25
2016,7,26,2.9784,4.2175,2.8903,2016-07-26
2016,7,27,4.1844,4.8204,6.252,2016-07-27
2016,7,28,2.8272,4.5454,0.6667,2016-07-28
2016,7,29,2.7994,4.3783,0.9497,2016-07-29
2016,7,30,4.0051,4.3121,4.8014,2016-07-30
2016,7,31,3.9204,4.4328,3.6516,2016-07-31
2016,8,1,3.757,3.9958,3.3341,2016-08-01
2016,8,2,2.6662,3.8945,1.5298,2016-08-02
2016,8,3,2.3086,4.0128,0.4042,2016-08-03
2016,8,4,3.9634,4.4762,4.0922,2016-08-04
2016,8,5,4.3375,4.4489,5.2658,2016-08-05
2016,8,6,3.1903,3.7404,1.739,2016-08-06
2016,8,7,1.3394,4.1419,0.0701,2016-08-07
2016,8,8,4.0723,4.8014,4.5497,2016-08-08
2016,8,9,5.207,5.2186,8.1972,2016-08-09
2016,8,10,5.2668,5.3213,8.0921,2016-08-10
2016,8,11,5.4338,5.4852,8.8075,2016-08-11
2016,8,12,5.2992,5.3386,8.011,2016-08-12
2016,8,13,4.8727,4.9366,6.3679,2016-08-13
2016,8,14,3.2657,4.391,2.3813,2016-08-14
2016,8,15,3.7817,4.4486,2.3155,2016-08-15
2016,8,16,4.9613,5.0122,6.3998,2016-08-16
2016,8,17,3.534,4.363,1.735,2016-08-17
2016,8,18,4.2005,4.9186,4.2413,2016-08-18
2016,8,19,1.8175,4.4232,0.3754,2016-08-19
2016,8,20,1.225,5.2056,0.541,2016-08-20
2016,8,21,5.009,5.7348,6.6521,2016-08-21
2016,8,22,5.8694,5.8879,9.2033,2016-08-22
2016,8,23,5.8754,5.8817,9.0178,2016-08-23
2016,8,24,5.8385,5.8526,8.6357,2016-08-24
2016,8,25,5.2368,5.329,6.2758,2016-08-25
2016,8,26,4.9562,5.1206,5.502,2016-08-26
2016,8,27,3.8359,4.866,2.0028,2016-08-27
2016,8,28,1.3745,3.4171,0.0326,2016-08-28
2016,8,29,1.0872,5.2238,0.0955,2016-08-29
2016,8,30,1.753,5.5625,0.2611,2016-08-30
2016,8,31,4.8106,5.927,4.7366,2016-08-31
2016,9,1,5.9105,5.9645,7.9109,2016-09-01
2016,9,2,2.7274,5.6102,0.3185,2016-09-02
2016,9,3,0.8494,5.7329,0.1402,2016-09-03
2016,9,4,1.741,5.9388,0.3091,2016-09-04
2016,9,5,1.0318,5.719,0.239,2016-09-05
2016,9,6,5.5198,6.4666,7.1676,2016-09-06
2016,9,7,6.5287,6.6233,8.749,2016-09-07
2016,9,8,6.6562,6.659,9.5234,2016-09-08
2016,9,9,6.6194,6.6274,9.617,2016-09-09
2016,9,10,6.4591,6.4733,9.0118,2016-09-10
2016,9,11,6.4044,6.4258,8.6993,2016-09-11
2016,9,12,5.658,5.7847,5.9124,2016-09-12
2016,9,13,3.5806,6.3103,2.5675,2016-09-13
2016,9,14,6.6264,6.7625,8.8524,2016-09-14
2016,9,15,6.7085,6.8107,8.573,2016-09-15
2016,9,16,6.6552,6.6646,8.8068,2016-09-16
2016,9,17,5.3234,5.6758,4.3673,2016-09-17
2016,9,18,4.3586,4.9385,2.5694,2016-09-18
2016,9,19,6.5743,6.7625,7.733,2016-09-19
2016,9,20,7.2341,7.2521,10.1184,2016-09-20
2016,9,21,7.2319,7.2538,10.0841,2016-09-21
2016,9,22,6.9739,6.9888,9.1126,2016-09-22
2016,9,23,5.7497,6.3274,4.8766,2016-09-23
2016,9,24,3.6384,6.3588,1.9627,2016-09-24
2016,9,25,6.9494,7.0865,8.9359,2016-09-25
2016,9,26,7.3166,7.3291,10.0889,2016-09-26
2016,9,27,7.2413,7.2677,9.7867,2016-09-27
2016,9,28,7.1366,7.1662,9.1286,2016-09-28
2016,9,29,5.381,6.5918,3.9576,2016-09-29
2016,9,30,0.889,6.084,0.1716,2016-09-30
2016,10,1,6.1776,6.5633,5.5783,2016-10-01
2016,10,2,4.6661,6.2369,3.084,2016-10-02
2016,10,3,1.5559,6.3473,0.2815,2016-10-03
2016,10,4,5.448,7.0666,2.9839,2016-10-04
2016,10,5,5.7845,7.1981,6.1735,2016-10-05
2016,10,6,3.3677,7.2266,3.6605,2016-10-06
2016,10,7,7.5271,7.5394,9.6019,2016-10-07
2016,10,8,7.08,7.3939,7.9622,2016-10-08
2016,10,9,7.77,7.7825,9.9665,2016-10-09
2016,10,10,4.9176,7.3747,3.7368,2016-10-10
2016,10,11,6.0734,7.1777,4.6025,2016-10-11
2016,10,12,4.8804,6.6214,3.169,2016-10-12
2016,10,13,5.0328,6.9602,2.1396,2016-10-13
2016,10,14,6.6768,7.2576,6.6893,2016-10-14
2016,10,15,6.1687,6.5878,4.2874,2016-10-15
2016,10,16,5.7792,6.9175,2.813,2016-10-16
2016,10,17,5.729,6.467,3.737,2016-10-17
2016,10,18,5.5632,6.3446,3.4394,2016-10-18
2016,10,19,4.5079,6.5508,3.1766,2016-10-19
2016,10,20,6.6132,7.5634,5.2507,2016-10-20
2016,10,21,7.525,7.8684,7.4844,2016-10-21
2016,10,22,7.3622,7.4892,7.1405,2016-10-22
2016,10,23,6.8882,7.3133,5.8922,2016-10-23
2016,10,24,7.151,7.4856,6.8501,2016-10-24
2016,10,25,1.4455,7.0966,0.1253,2016-10-25
2016,10,26,2.7595,7.2974,0.1178,2016-10-26
2016,10,27,6.9319,8.3376,7.8086,2016-10-27
2016,10,28,8.6239,8.6266,11.5747,2016-10-28
2016,10,29,8.3633,8.5114,10.8384,2016-10-29
2016,10,30,8.2942,8.3914,9.9298,2016-10-30
2016,10,31,6.4985,7.9666,4.0342,2016-10-31
2016,11,1,7.1669,7.7609,6.0278,2016-11-01
2016,11,2,6.5011,8.4466,5.4991,2016-11-02
2016,11,3,8.6458,8.6623,10.7465,2016-11-03
2016,11,4,8.7636,8.7667,11.3676,2016-11-04
2016,11,5,8.7238,8.7322,11.4166,2016-11-05
2016,11,6,8.3282,8.351,10.193,2016-11-06
2016,11,7,7.9135,8.1077,8.1727,2016-11-07
2016,11,8,3.941,7.8192,2.1698,2016-11-08
2016,11,9,7.1412,8.1067,6.0955,2016-11-09
2016,11,10,5.4182,7.9879,2.2934,2016-11-10
2016,11,11,1.8382,7.5828,0.1301,2016-11-11
2016,11,12,7.3625,8.4713,5.2526,2016-11-12
2016,11,13,7.7911,8.2639,7.8972,2016-11-13
2016,11,14,5.1782,8.1334,2.1115,2016-11-14
2016,11,15,4.3786,8.2334,2.4636,2016-11-15
2016,11,16,8.2411,8.4746,9.3029,2016-11-16
2016,11,17,3.3173,8.1295,1.4688,2016-11-17
2016,11,18,8.989,9.2242,10.1107,2016-11-18
2016,11,19,8.9508,9.0881,10.4129,2016-11-19
2016,11,20,7.6548,8.61,5.6112,2016-11-20
2016,11,21,7.6718,8.2997,6.5587,2016-11-21
2016,11,22,4.0586,8.3232,1.1398,2016-11-22
2016,11,23,8.5075,8.6611,9.1709,2016-11-23
2016,11,24,6.8863,8.381,5.891,2016-11-24
2016,11,25,3.7034,8.1977,1.4573,2016-11-25
2016,11,26,7.6637,8.196,6.2746,2016-11-26
2016,11,27,3.678,7.9478,0.9708,2016-11-27
2016,11,28,2.8915,8.1062,0.0238,2016-11-28
2016,11,29,7.1278,8.3983,6.3876,2016-11-29
2016,11,30,8.652,8.7461,9.4063,2016-11-30
2016,12,1,8.119,8.4485,8.159,2016-12-01
2016,12,2,5.9899,8.1449,3.0718,2016-12-02
2016,12,3,4.4498,8.3146,2.3782,2016-12-03
2016,12,4,7.9337,8.6683,7.3702,2016-12-04
2016,12,5,8.8538,8.9417,10.6572,2016-12-05
2016,12,6,1.434,8.2992,0.0631,2016-12-06
2016,12,7,6.0154,8.2291,3.5479,2016-12-07
2016,12,8,2.7799,7.9447,0.1337,2016-12-08
2016,12,9,2.2915,8.2219,0.499,2016-12-09
2016,12,10,5.2642,8.0815,2.2126,2016-12-10
2016,12,11,6.8532,8.437,4.4354,2016-12-11
2016,12,12,8.5872,8.8488,9.0406,2016-12-12
2016,12,13,8.0962,8.628,7.829,2016-12-13
2016,12,14,8.8781,9.2522,9.1433,2016-12-14
2016,12,15,9.3312,9.3511,11.9234,2016-12-15
2016,12,16,8.6026,8.8092,9.497,2016-12-16
2016,12,17,6.6029,8.5219,4.7256,2016-12-17
2016,12,18,7.7674,8.5219,7.68,2016-12-18
2016,12,19,2.1845,8.2027,0.1918,2016-12-19
2016,12,20,8.1418,8.7538,8.3191,2016-12-20
2016,12,21,8.2248,8.7564,8.5193,2016-12-21
2016,12,22,8.3885,8.7338,9.1834,2016-12-22
2016,12,23,7.866,8.4372,7.2034,2016-12-23
2016,12,24,7.7141,8.4511,7.1878,2016-12-24
2016,12,25,7.9567,8.5291,7.7057,2016-12-25
2016,12,26,7.943,8.4396,7.5454,2016-12-26
2016,12,27,3.0415,8.0695,0.2671,2016-12-27
2016,12,28,5.6842,8.052,2.8493,2016-12-28
2016,12,29,6.4106,8.2322,3.2858,2016-12-29
2016,12,30,5.6503,8.2272,3.2933,2016-12-30
2016,12,31,7.0642,8.43,5.6988,2016-12-31
2017,1,1,8.0844,8.6438,8.6285,2017-01-01
2017,1,2,7.8252,8.4979,6.671,2017-01-02
2017,1,3,8.4677,8.6321,8.9868,2017-01-03
2017,1,4,8.0995,8.5265,7.9414,2017-01-04
2017,1,5,4.1402,8.2639,0.5479,2017-01-05
2017,1,6,3.7058,7.8173,0.5203,2017-01-06
2017,1,7,6.3278,8.2315,3.6202,2017-01-07
2017,1,8,8.274,8.4907,8.3177,2017-01-08
2017,1,9,8.3489,8.6093,8.4334,2017-01-09
2017,1,10,5.8517,8.3316,2.849,2017-01-10
2017,1,11,6.0365,8.3402,3.0665,2017-01-11
2017,1,12,7.6606,8.4722,7.3903,2017-01-12
2017,1,13,7.9817,8.5658,7.6601,2017-01-13
2017,1,14,5.9292,8.5572,1.6716,2017-01-14
2017,1,15,7.6411,8.4286,5.9467,2017-01-15
2017,1,16,4.8554,8.298,2.8886,2017-01-16
2017,1,17,7.4225,8.5471,5.9196,2017-01-17
2017,1,18,7.8965,8.557,7.3325,2017-01-18
2017,1,19,8.1869,8.7151,8.6472,2017-01-19
2017,1,20,7.7462,8.513,7.8638,2017-01-20
2017,1,21,7.7508,8.4838,7.3109,2017-01-21
2017,1,22,7.6214,8.5308,7.1374,2017-01-22
2017,1,23,4.8319,8.3424,3.0372,2017-01-23
2017,1,24,5.543,8.0316,1.7561,2017-01-24
2017,1,25,7.741,8.3158,7.0214,2017-01-25
2017,1,26,7.5216,8.6194,6.6209,2017-01-26
2017,1,27,8.7715,8.8462,10.3884,2017-01-27
2017,1,28,8.7679,8.8157,10.7465,2017-01-28
2017,1,29,7.861,8.4456,8.7262,2017-01-29
2017,1,30,7.4335,8.2764,7.199,2017-01-30
2017,1,31,6.5347,8.0134,4.4806,2017-01-31
2017,2,1,6.5837,7.9608,5.4418,2017-02-01
2017,2,2,6.3485,7.9212,4.8473,2017-02-02
2017,2,3,7.3771,8.161,7.3524,2017-02-03
2017,2,4,7.5089,8.0338,7.4076,2017-02-04
2017,2,5,3.2306,7.7021,0.4949,2017-02-05
2017,2,6,7.8996,8.2097,8.5159,2017-02-06
2017,2,7,8.0681,8.2447,9.7006,2017-02-07
2017,2,8,7.4796,8.0702,7.3138,2017-02-08
2017,2,9,4.6771,7.6812,1.7078,2017-02-09
2017,2,10,0.9084,7.8031,0.2875,2017-02-10
2017,2,11,3.5594,7.3685,0.6718,2017-02-11
2017,2,12,6.6427,8.0316,6.4409,2017-02-12
2017,2,13,7.4472,8.0321,7.3836,2017-02-13
2017,2,14,7.6858,8.1154,8.2922,2017-02-14
2017,2,15,6.1094,7.6687,3.6562,2017-02-15
2017,2,16,7.0838,7.7659,7.1803,2017-02-16
2017,2,17,7.4784,7.7664,7.9555,2017-02-17
2017,2,18,7.1194,7.6704,6.8911,2017-02-18
2017,2,19,5.7449,7.441,2.903,2017-02-19
2017,2,20,6.99,7.4614,5.9251,2017-02-20
2017,2,21,7.2583,7.6714,7.3303,2017-02-21
2017,2,22,5.9551,7.471,4.4892,2017-02-22
2017,2,23,6.9094,7.5026,6.6578,2017-02-23
2017,2,24,7.1174,7.5353,7.5696,2017-02-24
2017,2,25,6.6305,7.5396,6.7358,2017-02-25
2017,2,26,6.5837,7.5254,6.3746,2017-02-26
2017,2,27,6.5117,7.3766,5.999,2017-02-27
2017,2,28,2.3155,7.273,0.305,2017-02-28
2017,3,1,5.8586,7.0906,4.121,2017-03-01
2017,3,2,6.8107,7.3334,7.3296,2017-03-02
2017,3,3,6.0859,7.0829,5.3647,2017-03-03
2017,3,4,2.8145,6.9511,0.187,2017-03-04
2017,3,5,4.842,7.1609,1.6975,2017-03-05
2017,3,6,6.4356,7.2012,6.8846,2017-03-06
2017,3,7,6.6427,7.1755,7.2727,2017-03-07
2017,3,8,6.8676,7.1114,7.3104,2017-03-08
2017,3,9,6.6746,7.0908,6.6374,2017-03-09
2017,3,10,3.5093,6.9166,0.4402,2017-03-10
2017,3,11,5.5092,6.8825,2.8226,2017-03-11
2017,3,12,2.9782,6.7226,1.1177,2017-03-12
2017,3,13,7.5888,7.7275,9.5784,2017-03-13
2017,3,14,7.5607,7.5799,10.2281,2017-03-14
2017,3,15,6.5227,6.899,6.5868,2017-03-15
2017,3,16,1.7498,6.4932,0.1308,2017-03-16
2017,3,17,5.4307,6.9394,3.5004,2017-03-17
2017,3,18,7.1993,7.2391,9.361,2017-03-18
2017,3,19,6.0614,7.0224,5.9287,2017-03-19
2017,3,20,5.928,6.8208,6.641,2017-03-20
2017,3,21,6.6199,6.8143,7.8962,2017-03-21
2017,3,22,3.5491,6.5458,1.5886,2017-03-22
2017,3,23,4.6925,6.5134,2.4228,2017-03-23
2017,3,24,5.6064,6.3478,4.841,2017-03-24
2017,3,25,3.2698,6.2767,1.4412,2017-03-25
2017,3,26,1.1786,6.0598,0.2378,2017-03-26
2017,3,27,6.0036,6.3444,6.8616,2017-03-27
2017,3,28,6.2381,6.4337,7.5658,2017-03-28
2017,3,29,6.1543,6.4524,7.6642,2017-03-29
2017,3,30,6.2798,6.4488,7.619,2017-03-30
2017,3,31,4.5943,6.2117,1.5737,2017-03-31
2017,4,1,6.1308,6.2969,7.6579,2017-04-01
2017,4,2,4.9898,6.2131,3.2021,2017-04-02
2017,4,3,1.7616,6.0298,0.2297,2017-04-03
2017,4,4,3.9538,5.7307,2.5826,2017-04-04
2017,4,5,1.6951,5.7744,0.3252,2017-04-05
2017,4,6,5.5594,6.1114,6.3382,2017-04-06
2017,4,7,4.9759,5.8325,4.1513,2017-04-07
2017,4,8,4.0543,5.5219,2.8834,2017-04-08
2017,4,9,3.2873,5.515,2.0357,2017-04-09
2017,4,10,1.9824,5.4547,0.3254,2017-04-10
2017,4,11,4.6015,5.9734,3.9218,2017-04-11
2017,4,12,6.0888,6.1046,8.9453,2017-04-12
2017,4,13,5.9186,5.9352,8.5536,2017-04-13
2017,4,14,5.279,5.7022,5.9225,2017-04-14
2017,4,15,4.3975,5.4158,3.3679,2017-04-15
2017,4,16,2.0654,5.3102,0.7195,2017-04-16
2017,4,17,2.6947,5.2109,1.1837,2017-04-17
2017,4,18,3.1944,5.087,0.7579,2017-04-18
2017,4,19,0.6919,4.824,0.0612,2017-04-19
2017,4,20,1.7638,4.9548,0.3346,2017-04-20
2017,4,21,2.1557,5.0064,0.5772,2017-04-21
2017,4,22,5.4418,5.5169,7.9949,2017-04-22
2017,4,23,3.9847,5.3131,3.0734,2017-04-23
2017,4,24,3.6461,4.913,2.5128,2017-04-24
2017,4,25,2.7797,4.8204,1.2586,2017-04-25
2017,4,26,5.3316,5.581,8.3268,2017-04-26
2017,4,27,5.1132,5.5414,8.1166,2017-04-27
2017,4,28,5.6515,5.6537,9.4277,2017-04-28
2017,4,29,5.346,5.5562,7.657,2017-04-29
2017,4,30,3.5974,5.2531,2.7293,2017-04-30
2017,5,1,3.3365,4.9368,1.675,2017-05-01
2017,5,2,4.3121,4.9505,5.3842,2017-05-02
2017,5,3,0.4049,4.6819,0.2201,2017-05-03
2017,5,4,1.9632,4.7724,2.7362,2017-05-04
2017,5,5,3.7483,4.9183,3.5606,2017-05-05
2017,5,6,4.6454,4.865,6.6593,2017-05-06
2017,5,7,4.3397,4.7194,5.8481,2017-05-07
2017,5,8,3.2165,4.4784,2.2438,2017-05-08
2017,5,9,3.3389,4.4767,2.6964,2017-05-09
2017,5,10,4.3075,4.579,5.3918,2017-05-10
2017,5,11,2.1698,3.979,0.113,2017-05-11
2017,5,12,3.8194,4.2787,4.7863,2017-05-12
2017,5,13,0.8563,4.29,0.3936,2017-05-13
2017,5,14,2.1907,4.6013,0.8254,2017-05-14
2017,5,15,2.7617,4.4069,2.4667,2017-05-15
2017,5,16,4.5233,4.5362,6.7555,2017-05-16
2017,5,17,2.4492,4.1525,0.8861,2017-05-17
2017,5,18,1.8451,3.805,0.7082,2017-05-18
2017,5,19,1.3788,4.0666,0.2674,2017-05-19
2017,5,20,4.1808,4.3927,6.1572,2017-05-20
2017,5,21,4.5053,4.6728,7.1945,2017-05-21
2017,5,22,3.3888,4.4021,2.881,2017-05-22
2017,5,23,1.4887,3.7517,0.137,2017-05-23
2017,5,24,2.7994,3.7483,1.2874,2017-05-24
2017,5,25,1.8454,3.9799,0.4001,2017-05-25
2017,5,26,2.0071,3.8124,0.4694,2017-05-26
2017,5,27,0.9139,3.977,0.0182,2017-05-27
2017,5,28,1.9214,4.0934,0.2849,2017-05-28
2017,5,29,0.9977,4.0039,0.3161,2017-05-29
2017,5,30,0.6823,3.7423,0.1078,2017-05-30
2017,5,31,1.8602,4.1755,0.8237,2017-05-31
2017,6,1,1.4518,4.1851,0.4397,2017-06-01
2017,6,2,1.2067,4.2528,0.5388,2017-06-02
2017,6,3,1.8283,3.8148,0.4174,2017-06-03
2017,6,4,1.0157,3.576,0.2784,2017-06-04
2017,6,5,0.8018,3.8882,0.2153,2017-06-05
2017,6,6,1.0495,3.8282,0.4075,2017-06-06
2017,6,7,0.7411,3.432,0.0996,2017-06-07
2017,6,8,1.5442,3.7404,0.7003,2017-06-08
2017,6,9,3.8693,4.3495,6.5827,2017-06-09
2017,6,10,4.3214,4.3241,7.8516,2017-06-10
2017,6,11,4.2677,4.2835,7.5341,2017-06-11
2017,6,12,4.1165,4.1765,6.6674,2017-06-12
2017,6,13,2.8582,3.9677,3.4637,2017-06-13
2017,6,14,2.0285,3.7234,1.6901,2017-06-14
2017,6,15,3.2251,3.828,3.9991,2017-06-15
2017,6,16,3.8321,3.966,5.9479,2017-06-16
2017,6,17,3.774,3.9218,5.1509,2017-06-17
2017,6,18,0.8882,3.4918,0.3367,2017-06-18
2017,6,19,3.8602,4.2487,5.591,2017-06-19
2017,6,20,4.4074,4.416,7.9841,2017-06-20
2017,6,21,2.6578,3.8424,2.3448,2017-06-21
2017,6,22,4.0034,4.0102,6.7267,2017-06-22
2017,6,23,3.9646,3.972,6.5513,2017-06-23
2017,6,24,3.257,3.9053,4.0961,2017-06-24
2017,6,25,3.8369,4.0063,5.9446,2017-06-25
2017,6,26,3.8842,4.0193,5.7502,2017-06-26
2017,6,27,3.7596,3.9077,5.5344,2017-06-27
2017,6,28,3.2705,3.684,3.6012,2017-06-28
2017,6,29,3.5066,3.7346,4.3757,2017-06-29
2017,6,30,1.4959,3.8854,0.6319,2017-06-30
2017,7,1,1.5463,4.0841,0.5225,2017-07-01
2017,7,2,2.6916,4.2343,0.4574,2017-07-02
2017,7,3,2.4811,3.9264,0.8352,2017-07-03
2017,7,4,4.0939,4.1062,6.582,2017-07-04
2017,7,5,2.7288,3.8758,2.9134,2017-07-05
2017,7,6,3.5501,3.9557,5.2296,2017-07-06
2017,7,7,3.4632,3.9583,4.637,2017-07-07
2017,7,8,3.7726,4.0476,4.8538,2017-07-08
2017,7,9,2.8397,3.7932,3.101,2017-07-09
2017,7,10,3.3276,3.9542,4.3351,2017-07-10
2017,7,11,3.5551,3.9792,4.6872,2017-07-11
2017,7,12,4.1736,4.2437,6.8993,2017-07-12
2017,7,13,4.2706,4.3006,7.2204,2017-07-13
2017,7,14,4.2206,4.249,6.9535,2017-07-14
2017,7,15,3.6283,4.1621,4.7621,2017-07-15
2017,7,16,0.5794,3.8736,0.2674,2017-07-16
2017,7,17,3.1678,4.5576,4.0481,2017-07-17
2017,7,18,4.7501,4.8358,8.141,2017-07-18
2017,7,19,4.7662,4.8106,8.0722,2017-07-19
2017,7,20,4.6217,4.6949,7.6193,2017-07-20
2017,7,21,4.5677,4.609,7.2653,2017-07-21
2017,7,22,4.5233,4.5679,7.0889,2017-07-22
2017,7,23,4.2914,4.3771,6.4853,2017-07-23
2017,7,24,4.1695,4.2677,5.8718,2017-07-24
2017,7,25,4.0073,4.2739,5.3458,2017-07-25
2017,7,26,4.5715,4.6049,7.3598,2017-07-26
2017,7,27,4.6536,4.6781,7.5418,2017-07-27
2017,7,28,4.6937,4.7042,7.3973,2017-07-28
2017,7,29,4.6757,4.7018,7.3039,2017-07-29
2017,7,30,4.5559,4.6265,6.8083,2017-07-30
2017,7,31,4.1071,4.4878,5.1737,2017-07-31
2017,8,1,3.1673,4.182,2.2214,2017-08-01
2017,8,2,0.7505,3.9946,0.1618,2017-08-02
2017,8,3,2.4595,4.926,1.0747,2017-08-03
2017,8,4,5.0011,5.0318,7.8845,2017-08-04
2017,8,5,4.8386,4.949,7.4959,2017-08-05
2017,8,6,4.7371,4.8502,6.8496,2017-08-06
2017,8,7,2.5039,4.4438,1.1136,2017-08-07
2017,8,8,3.9216,4.313,3.9391,2017-08-08
2017,8,9,4.4832,4.547,5.3954,2017-08-09
2017,8,10,3.4068,3.9919,2.5546,2017-08-10
2017,8,11,4.063,4.3754,4.1232,2017-08-11
2017,8,12,1.6236,4.1311,0.2081,2017-08-12
2017,8,13,2.2781,4.9214,1.0975,2017-08-13
2017,8,14,4.6824,5.31,5.6311,2017-08-14
2017,8,15,4.9584,5.1427,6.8186,2017-08-15
2017,8,16,4.5266,5.1862,5.6962,2017-08-16
2017,8,17,4.7057,5.3009,6.6542,2017-08-17
2017,8,18,4.4426,5.2464,5.3266,2017-08-18
2017,8,19,2.7562,4.7558,1.5091,2017-08-19
2017,8,20,5.3647,5.7838,7.3774,2017-08-20
2017,8,21,5.9323,5.9386,9.3473,2017-08-21
2017,8,22,5.1962,5.4718,7.3082,2017-08-22
2017,8,23,5.1204,5.1305,6.5779,2017-08-23
2017,8,24,5.2037,5.2224,6.6588,2017-08-24
2017,8,25,5.4442,5.4451,7.5934,2017-08-25
2017,8,26,3.3948,4.9318,1.5842,2017-08-26
2017,8,27,3.2928,4.6025,1.1198,2017-08-27
2017,8,28,4.9716,5.046,5.3779,2017-08-28
2017,8,29,5.2774,5.293,6.149,2017-08-29
2017,8,30,4.5749,5.2145,3.9924,2017-08-30
2017,8,31,4.6942,5.2169,4.4892,2017-08-31
2017,9,1,5.6597,5.7058,7.2442,2017-09-01
2017,9,2,5.574,5.6182,6.9859,2017-09-02
2017,9,3,5.3354,5.4163,5.8075,2017-09-03
2017,9,4,4.9582,5.2812,4.3442,2017-09-04
2017,9,5,1.5192,5.0215,0.1526,2017-09-05
2017,9,6,5.1396,5.5018,4.9075,2017-09-06
2017,9,7,5.2214,5.5085,4.7815,2017-09-07
2017,9,8,3.1373,4.9087,0.5078,2017-09-08
2017,9,9,3.8026,4.3037,1.8396,2017-09-09
2017,9,10,3.9569,4.525,2.1722,2017-09-10
2017,9,11,5.2202,5.4197,4.1527,2017-09-11
2017,9,12,4.3627,5.2006,2.3885,2017-09-12
2017,9,13,4.6303,5.4077,2.9047,2017-09-13
2017,9,14,1.8665,4.7479,0.2338,2017-09-14
2017,9,15,0.9079,5.0179,0.1034,2017-09-15
2017,9,16,2.97,6.2237,0.438,2017-09-16
2017,9,17,5.8601,6.8146,6.7872,2017-09-17
2017,9,18,6.5148,6.5165,8.1434,2017-09-18
2017,9,19,6.3588,6.3679,7.7105,2017-09-19
2017,9,20,6.4085,6.4246,7.6226,2017-09-20
2017,9,21,4.7878,6.0019,3.5762,2017-09-21
2017,9,22,2.0371,5.599,0.1606,2017-09-22
2017,9,23,1.3673,4.53,0.0348,2017-09-23
2017,9,24,3.8801,5.3926,1.8278,2017-09-24
2017,9,25,5.4137,6.0804,4.284,2017-09-25
2017,9,26,6.257,6.4109,6.3821,2017-09-26
2017,9,27,4.403,6.0581,1.4676,2017-09-27
2017,9,28,2.2661,5.9849,0.0048,2017-09-28
2017,9,29,4.1467,5.9957,1.2569,2017-09-29
2017,9,30,4.8754,6.6602,4.3966,2017-09-30
2017,10,1,2.9148,6.6139,0.8352,2017-10-01
2017,10,2,6.9917,7.5842,7.4806,2017-10-02
2017,10,3,7.4832,7.6183,9.6072,2017-10-03
2017,10,4,7.3824,7.6229,8.7422,2017-10-04
2017,10,5,6.2827,7.3039,3.456,2017-10-05
2017,10,6,5.7101,6.6403,4.794,2017-10-06
2017,10,7,2.9318,6.5688,0.995,2017-10-07
2017,10,8,5.9246,6.5436,4.6766,2017-10-08
2017,10,9,2.4768,6.2986,0.7783,2017-10-09
2017,10,10,5.1883,6.3835,3.3038,2017-10-10
2017,10,11,6.3326,6.6221,5.695,2017-10-11
2017,10,12,3.7757,6.5714,1.559,2017-10-12
2017,10,13,1.2682,6.6838,0.1181,2017-10-13
2017,10,14,3.6552,7.5002,1.1426,2017-10-14
2017,10,15,7.2127,7.9159,6.4762,2017-10-15
2017,10,16,6.3276,7.1683,5.2745,2017-10-16
2017,10,17,5.7953,7.1758,3.4536,2017-10-17
2017,10,18,6.8282,7.02,6.1349,2017-10-18
2017,10,19,2.5692,6.527,0.2333,2017-10-19
2017,10,20,4.7244,6.9814,2.1238,2017-10-20
2017,10,21,4.5845,7.1794,2.4679,2017-10-21
2017,10,22,7.6831,8.1686,8.1206,2017-10-22
2017,10,23,8.3249,8.3717,10.6013,2017-10-23
2017,10,24,6.5976,7.6094,6.1819,2017-10-24
2017,10,25,3.7598,7.3548,1.4767,2017-10-25
2017,10,26,0.8556,7.2641,0.0768,2017-10-26
2017,10,27,4.2679,7.6162,2.6314,2017-10-27
2017,10,28,7.8914,8.2212,8.6458,2017-10-28
2017,10,29,4.1765,7.4184,1.6471,2017-10-29
2017,10,30,4.7203,7.5866,2.8702,2017-10-30
2017,10,31,8.238,8.2771,9.877,2017-10-31
2017,11,1,7.8624,8.4257,9.6662,2017-11-01
2017,11,2,7.6975,8.0174,7.6162,2017-11-02
2017,11,3,4.0315,7.6174,2.2783,2017-11-03
2017,11,4,1.8559,7.8216,0.6281,2017-11-04
2017,11,5,7.0747,8.1382,5.1737,2017-11-05
2017,11,6,8.3153,8.34,10.0442,2017-11-06
2017,11,7,4.405,7.8012,1.5031,2017-11-07
2017,11,8,5.3465,7.7174,1.8139,2017-11-08
2017,11,9,6.4267,8.0095,4.2629,2017-11-09
2017,11,10,5.3846,8.0086,3.9574,2017-11-10
2017,11,11,8.7847,8.7943,11.112,2017-11-11
2017,11,12,8.753,8.7595,11.1744,2017-11-12
2017,11,13,8.9597,8.9698,11.6839,2017-11-13
2017,11,14,8.7816,8.7996,10.9817,2017-11-14
2017,11,15,8.5862,8.6426,10.2446,2017-11-15
2017,11,16,4.7402,7.9709,1.6445,2017-11-16
2017,11,17,3.1922,7.9853,0.5628,2017-11-17
2017,11,18,8.1504,8.4005,7.9358,2017-11-18
2017,11,19,8.8954,8.9047,10.7777,2017-11-19
2017,11,20,8.9664,9.0617,10.4304,2017-11-20
2017,11,21,3.9934,8.2315,1.0632,2017-11-21
2017,11,22,8.8466,9.0386,9.9502,2017-11-22
2017,11,23,9.067,9.1452,11.1804,2017-11-23
2017,11,24,8.6074,8.6834,10.0742,2017-11-24
2017,11,25,1.032,7.9224,0.4126,2017-11-25
2017,11,26,8.411,8.8788,8.724,2017-11-26
2017,11,27,8.8034,8.8997,10.3097,2017-11-27
2017,11,28,8.8961,8.9455,10.6154,2017-11-28
2017,11,29,7.5221,8.4458,6.205,2017-11-29
2017,11,30,6.2506,8.112,3.8635,2017-11-30
2017,12,1,8.2934,8.5073,8.8985,2017-12-01
2017,12,2,8.0357,8.4266,8.0815,2017-12-02
2017,12,3,6.3372,8.1794,2.7341,2017-12-03
2017,12,4,6.3108,8.203,1.9133,2017-12-04
2017,12,5,7.933,8.3333,6.6751,2017-12-05
2017,12,6,4.9529,8.1778,2.3398,2017-12-06
2017,12,7,7.837,8.455,7.1777,2017-12-07
2017,12,8,8.4334,8.6918,9.0787,2017-12-08
2017,12,9,5.5572,8.4487,2.5454,2017-12-09
2017,12,10,8.616,8.7197,9.4181,2017-12-10
2017,12,11,8.898,9.0122,10.5732,2017-12-11
2017,12,12,8.9119,9.0458,10.5293,2017-12-12
2017,12,13,8.8282,8.9537,10.2876,2017-12-13
2017,12,14,7.8024,8.5034,7.4083,2017-12-14
2017,12,15,7.476,8.4266,6.3216,2017-12-15
2017,12,16,8.4415,8.659,8.6671,2017-12-16
2017,12,17,5.8303,8.447,3.2599,2017-12-17
2017,12,18,6.2182,8.3628,3.2309,2017-12-18
2017,12,19,6.7522,8.4175,3.9029,2017-12-19
2017,12,20,4.3536,8.3215,1.9814,2017-12-20
2017,12,21,7.6171,8.3321,6.5057,2017-12-21
2017,12,22,2.3678,8.1048,0.1428,2017-12-22
2017,12,23,2.2066,7.9248,0.2866,2017-12-23
2017,12,24,4.5631,8.5068,0.7781,2017-12-24
2017,12,25,8.7751,8.9227,9.6211,2017-12-25
2017,12,26,6.7248,8.4432,5.4485,2017-12-26
2017,12,27,5.0525,8.0791,2.2817,2017-12-27
2017,12,28,6.0336,8.2404,2.8886,2017-12-28
2017,12,29,6.8618,8.5726,5.603,2017-12-29
2017,12,30,7.8233,8.7223,8.1588,2017-12-30
2017,12,31,7.9322,8.6518,8.0873,2017-12-31
2018,1,1,0.7226,8.4538,0.1966,2018-01-01
2018,1,2,5.5332,8.3899,1.3224,2018-01-02
2018,1,3,8.8022,8.8992,9.8549,2018-01-03
2018,1,4,8.8361,8.9791,9.9384,2018-01-04
2018,1,5,8.6018,8.8524,9.5753,2018-01-05
2018,1,6,6.839,8.4286,4.9447,2018-01-06
2018,1,7,8.7492,8.8423,9.8974,2018-01-07
2018,1,8,8.2433,8.7538,8.8834,2018-01-08
2018,1,9,8.4158,8.5877,9.4613,2018-01-09
2018,1,10,5.381,8.011,2.4442,2018-01-10
2018,1,11,5.3796,8.0681,3.0859,2018-01-11
2018,1,12,4.9824,8.2579,1.8598,2018-01-12
2018,1,13,3.9528,7.8818,0.2717,2018-01-13
2018,1,14,3.3826,8.0558,0.5198,2018-01-14
2018,1,15,4.1688,8.1866,2.3462,2018-01-15
2018,1,16,6.1032,8.0738,3.9895,2018-01-16
2018,1,17,6.6058,7.9793,4.7378,2018-01-17
2018,1,18,3.3432,7.956,0.133,2018-01-18
2018,1,19,3.7889,8.0167,0.6694,2018-01-19
2018,1,20,5.647,8.0374,2.2222,2018-01-20
2018,1,21,4.7383,8.053,1.4902,2018-01-21
2018,1,22,7.5485,8.1682,7.1402,2018-01-22
2018,1,23,8.1658,8.3237,8.784,2018-01-23
2018,1,24,4.2528,7.8778,0.4483,2018-01-24
2018,1,25,5.9278,7.962,2.8217,2018-01-25
2018,1,26,4.8821,7.9692,2.7391,2018-01-26
2018,1,27,5.058,7.735,1.5247,2018-01-27
2018,1,28,4.302,7.759,1.6901,2018-01-28
2018,1,29,5.563,7.5852,2.6455,2018-01-29
2018,1,30,7.2799,8.1055,7.4366,2018-01-30
2018,1,31,4.8053,7.9824,1.7496,2018-01-31
2018,2,1,6.4476,7.9675,4.1446,2018-02-01
2018,2,2,7.7436,8.184,7.9147,2018-02-02
2018,2,3,8.4979,8.509,10.199,2018-02-03
2018,2,4,8.2798,8.3189,9.6986,2018-02-04
2018,2,5,7.716,8.2601,8.0232,2018-02-05
2018,2,6,7.4525,8.2488,7.9308,2018-02-06
2018,2,7,8.0556,8.2195,9.233,2018-02-07
2018,2,8,7.2653,8.0244,6.6295,2018-02-08
2018,2,9,7.6162,7.9788,8.1082,2018-02-09
2018,2,10,4.9699,7.6786,1.8922,2018-02-10
2018,2,11,3.8832,7.501,0.2342,2018-02-11
2018,2,12,5.333,7.9978,3.2623,2018-02-12
2018,2,13,8.3914,8.4307,10.2934,2018-02-13
2018,2,14,6.9146,8.0712,5.4473,2018-02-14
2018,2,15,7.3783,8.0174,7.1863,2018-02-15
2018,2,16,6.635,7.8238,5.5663,2018-02-16
2018,2,17,5.2178,7.3214,1.0954,2018-02-17
2018,2,18,2.6988,7.3111,0.1738,2018-02-18
2018,2,19,1.5665,7.399,0.3494,2018-02-19
2018,2,20,6.815,7.7278,6.948,2018-02-20
2018,2,21,7.1126,7.7374,6.9552,2018-02-21
2018,2,22,8.1089,8.1252,10.2379,2018-02-22
2018,2,23,7.9442,8.0172,9.9086,2018-02-23
2018,2,24,7.709,7.8751,8.8699,2018-02-24
2018,2,25,7.237,7.6445,7.4086,2018-02-25
2018,2,26,6.6912,7.487,6.6055,2018-02-26
2018,2,27,6.4488,7.3877,5.545,2018-02-27
2018,2,28,3.0379,7.1405,1.0678,2018-02-28
2018,3,1,2.7458,7.1561,0.8822,2018-03-01
2018,3,2,4.795,7.1047,2.7929,2018-03-02
2018,3,3,3.7644,6.8074,1.7088,2018-03-03
2018,3,4,1.5307,6.966,0.5489,2018-03-04
2018,3,5,4.043,6.9998,2.9441,2018-03-05
2018,3,6,4.7434,6.9677,2.1214,2018-03-06
2018,3,7,7.4294,7.5134,8.6467,2018-03-07
2018,3,8,6.9197,7.283,7.0661,2018-03-08
2018,3,9,5.0705,6.9149,1.8314,2018-03-09
2018,3,10,6.9281,7.1498,8.003,2018-03-10
2018,3,11,6.5328,7.0116,6.8033,2018-03-11
2018,3,12,6.899,7.0483,8.1946,2018-03-12
2018,3,13,3.5213,6.769,2.5663,2018-03-13
2018,3,14,5.5855,6.6545,4.2504,2018-03-14
2018,3,15,3.5021,6.3991,1.8931,2018-03-15
2018,3,16,6.1346,6.5794,6.1774,2018-03-16
2018,3,17,6.2309,6.6725,6.8335,2018-03-17
2018,3,18,6.7798,6.8225,8.4876,2018-03-18
2018,3,19,3.181,6.3602,1.1993,2018-03-19
2018,3,20,4.3661,6.3869,2.2138,2018-03-20
2018,3,21,2.8978,6.515,0.8191,2018-03-21
2018,3,22,6.151,6.4711,7.0253,2018-03-22
2018,3,23,6.1282,6.3578,6.7745,2018-03-23
2018,3,24,5.7322,6.3643,5.8908,2018-03-24
2018,3,25,5.196,6.799,2.267,2018-03-25
2018,3,26,6.138,6.7848,5.9208,2018-03-26
2018,3,27,2.5154,6.2614,0.7042,2018-03-27
2018,3,28,3.5316,6.1476,2.1288,2018-03-28
2018,3,29,4.4129,6.0559,2.879,2018-03-29
2018,3,30,3.258,5.8236,0.109,2018-03-30
2018,3,31,3.5525,5.9676,1.7518,2018-03-31
2018,4,1,3.9298,6.1135,3.4378,2018-04-01
2018,4,2,5.4866,6.1498,5.2426,2018-04-02
2018,4,3,5.8289,6.0758,6.8263,2018-04-03
2018,4,4,5.7799,6.096,6.9485,2018-04-04
2018,4,5,6.0185,6.1716,8.1526,2018-04-05
2018,4,6,6.27,6.2784,8.8966,2018-04-06
2018,4,7,6.0912,6.0967,8.4178,2018-04-07
2018,4,8,6.0437,6.1195,8.2466,2018-04-08
2018,4,9,5.8774,6.001,8.0642,2018-04-09
2018,4,10,5.5685,5.8486,6.6235,2018-04-10
2018,4,11,5.8361,5.8649,8.1173,2018-04-11
2018,4,12,5.5954,5.7758,7.6066,2018-04-12
2018,4,13,4.1424,5.6273,4.0006,2018-04-13
2018,4,14,4.6126,5.5118,4.8859,2018-04-14
2018,4,15,5.261,5.6609,6.9698,2018-04-15
2018,4,16,5.418,5.6549,7.2595,2018-04-16
2018,4,17,5.5922,5.6381,8.209,2018-04-17
2018,4,18,5.4996,5.5694,8.0419,2018-04-18
2018,4,19,4.8706,5.3762,6.3115,2018-04-19
2018,4,20,5.1079,5.3518,6.5294,2018-04-20
2018,4,21,4.9925,5.3544,6.9979,2018-04-21
2018,4,22,5.1641,5.3146,6.984,2018-04-22
2018,4,23,4.5079,5.1967,4.5643,2018-04-23
2018,4,24,4.4136,5.1043,4.0476,2018-04-24
2018,4,25,5.1905,5.1934,7.5173,2018-04-25
2018,4,26,4.4218,5.0786,3.6175,2018-04-26
2018,4,27,4.7107,5.1206,4.6579,2018-04-27
2018,4,28,3.822,4.9644,2.0287,2018-04-28
2018,4,29,5.0333,5.0436,7.5053,2018-04-29
2018,4,30,5.039,5.0515,7.4959,2018-04-30
2018,5,1,4.9351,4.9762,6.918,2018-05-01
2018,5,2,4.8422,4.9651,6.8095,2018-05-02
2018,5,3,4.7734,4.9325,6.6031,2018-05-03
2018,5,4,4.7606,4.8938,6.5995,2018-05-04
2018,5,5,2.3976,4.4762,0.9847,2018-05-05
2018,5,6,2.975,4.5353,1.8686,2018-05-06
2018,5,7,3.7838,4.5691,3.605,2018-05-07
2018,5,8,3.515,4.637,2.2087,2018-05-08
2018,5,9,3.623,4.5235,1.8631,2018-05-09
2018,5,10,3.8206,4.5346,3.107,2018-05-10
2018,5,11,3.7817,4.8031,4.1638,2018-05-11
2018,5,12,4.8353,4.9406,7.4998,2018-05-12
2018,5,13,4.7098,4.8605,7.0318,2018-05-13
2018,5,14,4.506,4.6774,6.5484,2018-05-14
2018,5,15,1.421,4.2941,0.8458,2018-05-15
2018,5,16,3.1699,4.1902,2.2795,2018-05-16
2018,5,17,3.7135,4.355,4.2917,2018-05-17
2018,5,18,0.5616,4.1515,0.3127,2018-05-18
2018,5,19,3.9286,4.6596,4.739,2018-05-19
2018,5,20,4.6517,4.7071,7.5828,2018-05-20
2018,5,21,4.6142,4.6704,7.4023,2018-05-21
2018,5,22,4.4489,4.5614,7.1395,2018-05-22
2018,5,23,4.6855,4.6889,8.0851,2018-05-23
2018,5,24,4.4275,4.4914,7.2146,2018-05-24
2018,5,25,4.3469,4.3572,6.8705,2018-05-25
2018,5,26,4.121,4.2146,6.0718,2018-05-26
2018,5,27,3.9353,4.181,5.3748,2018-05-27
2018,5,28,4.2814,4.2866,7.0994,2018-05-28
2018,5,29,4.1294,4.253,6.239,2018-05-29
2018,5,30,3.4704,3.9302,3.2734,2018-05-30
2018,5,31,0.7462,3.4075,0.1877,2018-05-31
2018,6,1,0.9072,3.8887,0.4922,2018-06-01
2018,6,2,1.1801,4.1201,0.3665,2018-06-02
2018,6,3,3.041,4.0862,3.2282,2018-06-03
2018,6,4,0.9516,3.9708,0.1793,2018-06-04
2018,6,5,1.6147,4.0274,0.8839,2018-06-05
2018,6,6,2.4324,4.0762,1.8144,2018-06-06
2018,6,7,3.9634,4.2713,5.855,2018-06-07
2018,6,8,4.1909,4.3298,6.8446,2018-06-08
2018,6,9,2.8284,3.8359,3.0622,2018-06-09
2018,6,10,2.9263,3.8059,3.0468,2018-06-10
2018,6,11,2.2198,3.7289,1.4736,2018-06-11
2018,6,12,2.0093,3.8842,2.0585,2018-06-12
2018,6,13,3.5712,4.3344,4.4549,2018-06-13
2018,6,14,1.9577,4.183,0.799,2018-06-14
2018,6,15,2.0712,4.1686,0.1742,2018-06-15
2018,6,16,4.3289,4.3632,7.7894,2018-06-16
2018,6,17,4.0327,4.1544,6.2342,2018-06-17
2018,6,18,3.8501,3.876,5.5229,2018-06-18
2018,6,19,4.0759,4.0901,7.0433,2018-06-19
2018,6,20,3.9324,3.9629,6.5098,2018-06-20
2018,6,21,3.3437,3.8198,4.3618,2018-06-21
2018,6,22,3.7531,3.8016,5.4574,2018-06-22
2018,6,23,3.5016,3.8347,4.5334,2018-06-23
2018,6,24,0.6598,3.3238,0.1116,2018-06-24
2018,6,25,0.9002,3.6778,0.1598,2018-06-25
2018,6,26,1.6142,3.5402,0.935,2018-06-26
2018,6,27,3.1963,3.659,3.6456,2018-06-27
2018,6,28,2.6299,3.731,2.599,2018-06-28
2018,6,29,2.7398,3.6955,2.5334,2018-06-29
2018,6,30,3.6881,3.8438,5.1468,2018-06-30
2018,7,1,3.2606,3.8422,2.9532,2018-07-01
2018,7,2,3.0247,3.8191,3.6631,2018-07-02
2018,7,3,0.6295,3.8182,0.2894,2018-07-03
2018,7,4,1.4268,3.7183,0.2587,2018-07-04
2018,7,5,1.9639,3.5892,1.4126,2018-07-05
2018,7,6,2.357,3.7697,0.4838,2018-07-06
2018,7,7,1.5022,3.6014,0.3487,2018-07-07
2018,7,8,0.617,3.9,0.3802,2018-07-08
2018,7,9,1.793,4.2041,0.4186,2018-07-09
2018,7,10,4.2523,4.421,6.9782,2018-07-10
2018,7,11,3.1582,4.3802,1.2048,2018-07-11
2018,7,12,2.8308,3.9379,1.6836,2018-07-12
2018,7,13,3.8731,4.0061,5.4235,2018-07-13
2018,7,14,4.1374,4.1426,6.649,2018-07-14
2018,7,15,3.7706,4.0008,5.1746,2018-07-15
2018,7,16,3.8189,3.9598,5.0155,2018-07-16
2018,7,17,3.4637,3.8765,3.9708,2018-07-17
2018,7,18,4.1688,4.1743,6.4056,2018-07-18
2018,7,19,3.6353,4.0634,3.8748,2018-07-19
2018,7,20,0.6122,3.9965,0.2458,2018-07-20
2018,7,21,4.4746,4.7575,6.3538,2018-07-21
2018,7,22,1.9886,3.9144,0.1265,2018-07-22
2018,7,23,2.7634,3.769,1.3114,2018-07-23
2018,7,24,1.2706,4.0728,0.6631,2018-07-24
2018,7,25,1.6114,4.1467,0.3007,2018-07-25
2018,7,26,3.2189,4.4395,2.8786,2018-07-26
2018,7,27,1.8149,4.1966,1.6771,2018-07-27
2018,7,28,2.9035,4.0402,2.2332,2018-07-28
2018,7,29,4.6562,4.8118,6.2978,2018-07-29
2018,7,30,4.4155,4.7316,5.9918,2018-07-30
2018,7,31,4.8574,4.9339,7.5329,2018-07-31
2018,8,1,4.8814,4.9013,7.6418,2018-08-01
2018,8,2,1.9543,4.3298,0.0149,2018-08-02
2018,8,3,4.0824,4.5977,3.6756,2018-08-03
2018,8,4,3.2328,4.8454,1.0111,2018-08-04
2018,8,5,3.1085,5.1346,1.703,2018-08-05
2018,8,6,5.1026,5.1142,7.9865,2018-08-06
2018,8,7,4.7573,4.8002,6.787,2018-08-07
2018,8,8,1.4712,4.277,0.6377,2018-08-08
2018,8,9,5.2908,5.2994,8.4878,2018-08-09
2018,8,10,5.1888,5.2927,7.6546,2018-08-10
2018,8,11,5.3606,5.3837,8.419,2018-08-11
2018,8,12,5.3112,5.3326,8.3398,2018-08-12
2018,8,13,5.1295,5.171,7.5643,2018-08-13
2018,8,14,1.0481,4.7167,0.0967,2018-08-14
2018,8,15,3.5712,4.7374,2.3825,2018-08-15
2018,8,16,4.9342,4.9882,6.3674,2018-08-16
2018,8,17,5.0981,5.1146,7.0133,2018-08-17
2018,8,18,4.9337,5.0878,6.2167,2018-08-18
2018,8,19,1.5074,4.5874,0.3814,2018-08-19
2018,8,20,0.9955,4.6469,0.0262,2018-08-20
2018,8,21,0.8743,5.0297,0.4426,2018-08-21
2018,8,22,3.4198,5.599,2.4439,2018-08-22
2018,8,23,4.8336,5.4048,6.095,2018-08-23
2018,8,24,2.5049,5.0561,1.7522,2018-08-24
2018,8,25,5.8718,5.9112,8.2385,2018-08-25
2018,8,26,6.0694,6.1034,9.2002,2018-08-26
2018,8,27,6.1622,6.2062,9.3432,2018-08-27
2018,8,28,5.5313,5.6218,7.5442,2018-08-28
2018,8,29,5.3611,5.4089,6.8311,2018-08-29
2018,8,30,5.0338,5.1869,5.3858,2018-08-30
2018,8,31,1.8185,4.7035,0.6269,2018-08-31
2018,9,1,0.8645,4.8274,0.0886,2018-09-01
2018,9,2,1.6145,5.7694,0.4385,2018-09-02
2018,9,3,3.557,5.8382,2.9695,2018-09-03
2018,9,4,6.2352,6.2614,8.9326,2018-09-04
2018,9,5,6.4574,6.4622,9.4968,2018-09-05
2018,9,6,6.3871,6.3893,9.3581,2018-09-06
2018,9,7,6.4373,6.4394,9.2623,2018-09-07
2018,9,8,6.3994,6.4013,9.0238,2018-09-08
2018,9,9,6.3485,6.3658,8.5584,2018-09-09
2018,9,10,5.9393,5.9518,6.9348,2018-09-10
2018,9,11,5.6501,5.7252,5.5512,2018-09-11
2018,9,12,3.6478,5.477,1.6462,2018-09-12
2018,9,13,0.551,3.7738,0.0514,2018-09-13
2018,9,14,3.3271,5.2805,1.3711,2018-09-14
2018,9,15,5.7919,6.1426,5.6364,2018-09-15
2018,9,16,0.9053,5.4434,0.1824,2018-09-16
2018,9,17,4.6219,6.3766,4.2761,2018-09-17
2018,9,18,6.6797,6.6852,8.9184,2018-09-18
2018,9,19,5.4012,6.0972,4.3296,2018-09-19
2018,9,20,2.91,6.1128,1.1995,2018-09-20
2018,9,21,5.9868,6.3694,6.6948,2018-09-21
2018,9,22,5.4907,6.258,5.3376,2018-09-22
2018,9,23,6.4049,6.4087,7.6505,2018-09-23
2018,9,24,4.8605,6.2009,3.8573,2018-09-24
2018,9,25,1.9058,5.826,0.3701,2018-09-25
2018,9,26,0.8851,5.8222,0.1834,2018-09-26
2018,9,27,3.6557,6.0065,2.665,2018-09-27
2018,9,28,5.8428,6.0864,4.9267,2018-09-28
2018,9,29,6.4728,6.5143,6.8335,2018-09-29
2018,9,30,5.4379,6.541,4.5468,2018-09-30
2018,10,1,6.2251,6.5731,5.7667,2018-10-01
2018,10,2,1.572,6.5134,0.4241,2018-10-02
2018,10,3,2.6069,6.1315,0.3386,2018-10-03
2018,10,4,6.1963,7.1078,5.0952,2018-10-04
2018,10,5,5.4103,7.0843,3.9962,2018-10-05
2018,10,6,4.2427,6.3672,1.5766,2018-10-06
2018,10,7,1.3668,6.5306,0.2386,2018-10-07
2018,10,8,4.541,6.5126,2.9525,2018-10-08
2018,10,9,4.9092,6.7063,2.8963,2018-10-09
2018,10,10,1.9282,6.2873,0.27,2018-10-10
2018,10,11,5.2054,6.9528,3.4344,2018-10-11
2018,10,12,4.8038,6.4982,2.58,2018-10-12
2018,10,13,1.6519,6.9127,0.3991,2018-10-13
2018,10,14,1.6622,6.9763,0.1855,2018-10-14
2018,10,15,6.9883,7.5554,7.596,2018-10-15
2018,10,16,7.3286,7.5403,7.9723,2018-10-16
2018,10,17,5.946,7.0579,4.637,2018-10-17
2018,10,18,5.5392,6.8522,4.2718,2018-10-18
2018,10,19,4.4945,7.4472,0.42,2018-10-19
2018,10,20,7.1141,7.6841,7.6315,2018-10-20
2018,10,21,7.3577,7.5914,8.0777,2018-10-21
2018,10,22,5.8056,7.5274,2.994,2018-10-22
2018,10,23,0.9811,7.339,0.337,2018-10-23
2018,10,24,2.6928,7.5067,0.8688,2018-10-24
2018,10,25,4.1345,7.3855,1.2173,2018-10-25
2018,10,26,4.753,7.3853,2.3369,2018-10-26
2018,10,27,8.0827,8.1242,9.6127,2018-10-27
2018,10,28,7.8175,8.0702,8.3654,2018-10-28
2018,10,29,8.0839,8.1053,10.0382,2018-10-29
2018,10,30,6.7999,7.6838,5.8786,2018-10-30
2018,10,31,4.6318,7.5341,2.1487,2018-10-31
2018,11,1,3.175,7.7422,0.3864,2018-11-01
2018,11,2,4.794,7.6843,2.3755,2018-11-02
2018,11,3,3.9938,7.5418,2.6938,2018-11-03
2018,11,4,7.1849,7.8326,5.4022,2018-11-04
2018,11,5,7.7671,8.0196,7.6464,2018-11-05
2018,11,6,3.066,7.6526,0.0014,2018-11-06
2018,11,7,7.8962,8.1149,8.587,2018-11-07
2018,11,8,8.2135,8.2462,10.0082,2018-11-08
2018,11,9,8.3695,8.3849,10.4801,2018-11-09
2018,11,10,8.411,8.419,10.4148,2018-11-10
2018,11,11,8.1242,8.1943,9.0847,2018-11-11
2018,11,12,7.147,8.0402,6.75,2018-11-12
2018,11,13,6.3386,7.6255,4.1899,2018-11-13
2018,11,14,6.222,8.1029,3.81,2018-11-14
2018,11,15,8.8061,8.814,10.6044,2018-11-15
2018,11,16,7.1045,8.4809,6.4999,2018-11-16
2018,11,17,7.8595,8.0513,8.1533,2018-11-17
2018,11,18,1.7796,7.9476,0.3058,2018-11-18
2018,11,19,8.8428,8.91,10.7503,2018-11-19
2018,11,20,8.49,8.723,9.4886,2018-11-20
2018,11,21,8.2476,8.5908,9.109,2018-11-21
2018,11,22,7.1376,8.2423,5.8277,2018-11-22
2018,11,23,3.2875,8.0278,0.4678,2018-11-23
2018,11,24,6.2748,8.389,3.763,2018-11-24
2018,11,25,8.3198,8.5097,8.6371,2018-11-25
2018,11,26,7.8082,8.4475,6.9288,2018-11-26
2018,11,27,6.1399,8.1514,3.8347,2018-11-27
2018,11,28,3.4685,8.0126,0.3161,2018-11-28
2018,11,29,5.3962,8.2332,2.5075,2018-11-29
2018,11,30,6.0514,8.2356,3.7802,2018-11-30
2018,12,1,8.5226,8.6112,8.6892,2018-12-01
2018,12,2,8.9842,9.0295,10.4599,2018-12-02
2018,12,3,8.7684,8.8819,9.163,2018-12-03
2018,12,4,8.838,8.9563,10.1551,2018-12-04
2018,12,5,8.7094,8.76,9.5208,2018-12-05
2018,12,6,7.6608,8.4732,6.5731,2018-12-06
2018,12,7,8.4794,8.7391,8.7226,2018-12-07
2018,12,8,9.2479,9.2599,11.5246,2018-12-08
2018,12,9,8.4062,8.9076,8.371,2018-12-09
2018,12,10,7.3644,8.5121,5.5068,2018-12-10
2018,12,11,8.4756,8.5817,9.197,2018-12-11
2018,12,12,4.3219,8.4206,1.1866,2018-12-12
2018,12,13,8.0899,8.5049,7.397,2018-12-13
2018,12,14,8.1125,8.5793,8.443,2018-12-14
2018,12,15,4.836,8.3285,2.315,2018-12-15
2018,12,16,7.9162,8.381,7.3942,2018-12-16
2018,12,17,8.3887,8.4792,9.0156,2018-12-17
2018,12,18,7.5497,8.5394,6.8474,2018-12-18
2018,12,19,7.4222,8.4689,5.8212,2018-12-19
2018,12,20,7.955,8.5159,7.3205,2018-12-20
2018,12,21,5.3736,8.3762,2.7602,2018-12-21
2018,12,22,2.7986,8.1667,0.4152,2018-12-22
2018,12,23,7.2432,8.489,6.065,2018-12-23
2018,12,24,7.0879,8.5442,6.3185,2018-12-24
2018,12,25,7.7508,8.6249,7.7042,2018-12-25
2018,12,26,7.3932,8.5759,6.3218,2018-12-26
2018,12,27,8.0585,8.6098,7.6366,2018-12-27
2018,12,28,3.4241,8.3477,0.7721,2018-12-28
2018,12,29,7.2847,8.2279,5.5586,2018-12-29
2018,12,30,6.1814,8.2555,2.9465,2018-12-30
2018,12,31,4.5077,7.8667,1.2514,2018-12-31
2019,1,1,7.2319,8.3803,4.4498,2019-01-01
2019,1,2,7.8106,8.3398,6.7908,2019-01-02
2019,1,3,7.6771,8.5224,6.8942,2019-01-03
2019,1,4,5.43,8.3186,3.3437,2019-01-04
2019,1,5,1.5595,8.1516,0.1058,2019-01-05
2019,1,6,3.1085,8.0386,0.6648,2019-01-06
2019,1,7,2.8752,7.956,0.2359,2019-01-07
2019,1,8,4.9133,8.0244,1.6034,2019-01-08
2019,1,9,7.2994,7.9783,5.245,2019-01-09
2019,1,10,7.4993,8.4043,6.8995,2019-01-10
2019,1,11,4.9507,8.1713,2.1523,2019-01-11
2019,1,12,7.2199,8.3378,5.9642,2019-01-12
2019,1,13,6.84,8.3153,5.0666,2019-01-13
2019,1,14,6.1577,8.1775,1.578,2019-01-14
2019,1,15,7.0747,8.2807,4.4059,2019-01-15
2019,1,16,7.5972,8.237,6.3528,2019-01-16
2019,1,17,8.3148,8.4192,9.4298,2019-01-17
2019,1,18,2.9662,8.1667,0.6802,2019-01-18
2019,1,19,3.5983,8.4386,0.7356,2019-01-19
2019,1,20,7.2245,8.447,5.4295,2019-01-20
2019,1,21,8.4466,8.4907,9.5467,2019-01-21
2019,1,22,8.2152,8.3422,9.1145,2019-01-22
2019,1,23,7.692,8.274,5.8181,2019-01-23
2019,1,24,5.6206,8.0748,3.247,2019-01-24
2019,1,25,8.0791,8.1742,8.5613,2019-01-25
2019,1,26,7.2662,8.0482,6.6694,2019-01-26
2019,1,27,7.3056,8.033,6.3593,2019-01-27
2019,1,28,6.8743,8.2243,5.4562,2019-01-28
2019,1,29,7.9061,8.1439,8.4763,2019-01-29
2019,1,30,8.1218,8.1766,8.6009,2019-01-30
2019,1,31,7.973,8.1874,8.3626,2019-01-31
2019,2,1,7.6334,8.0654,7.3406,2019-02-01
2019,2,2,5.4665,7.6814,1.7654,2019-02-02
2019,2,3,4.6214,7.2094,0.9506,2019-02-03
2019,2,4,8.0122,8.148,8.363,2019-02-04
2019,2,5,7.5941,8.2862,7.117,2019-02-05
2019,2,6,7.8869,8.2992,8.3741,2019-02-06
2019,2,7,8.2027,8.3676,8.7797,2019-02-07
2019,2,8,7.5655,8.1358,7.0157,2019-02-08
2019,2,9,5.6753,7.8214,3.8256,2019-02-09
2019,2,10,4.033,7.6118,1.4026,2019-02-10
2019,2,11,7.5564,7.9255,7.3152,2019-02-11
2019,2,12,2.5092,7.6982,0.4078,2019-02-12
2019,2,13,7.699,8.0705,7.9267,2019-02-13
2019,2,14,2.843,7.1623,0.5981,2019-02-14
2019,2,15,6.2251,7.961,4.7659,2019-02-15
2019,2,16,4.1114,7.848,2.315,2019-02-16
2019,2,17,6.7567,7.7743,5.8702,2019-02-17
2019,2,18,7.3918,7.8547,8.2721,2019-02-18
2019,2,19,7.4714,7.8391,8.2138,2019-02-19
2019,2,20,7.7093,7.9361,9.1534,2019-02-20
2019,2,21,7.7273,7.9517,9.4776,2019-02-21
2019,2,22,7.6944,7.9267,8.8128,2019-02-22
2019,2,23,7.7942,7.8226,9.6953,2019-02-23
2019,2,24,7.6274,7.6937,9.1094,2019-02-24
2019,2,25,3.2861,7.5089,2.0717,2019-02-25
2019,2,26,4.6865,7.1621,1.6385,2019-02-26
2019,2,27,7.5036,7.7621,8.239,2019-02-27
2019,2,28,7.9908,8.0196,10.0344,2019-02-28
2019,3,1,8.0009,8.0525,10.0481,2019-03-01
2019,3,2,7.3934,7.7275,8.7986,2019-03-02
2019,3,3,7.5684,7.6397,9.1906,2019-03-03
2019,3,4,7.397,7.5871,8.8572,2019-03-04
2019,3,5,2.4048,7.1071,0.7051,2019-03-05
2019,3,6,1.2511,7.027,0.4927,2019-03-06
2019,3,7,3.5357,6.9082,0.2959,2019-03-07
2019,3,8,1.7674,6.8978,0.6182,2019-03-08
2019,3,9,2.694,6.8582,1.4004,2019-03-09
2019,3,10,3.1171,6.9996,0.4615,2019-03-10
2019,3,11,4.7714,6.8371,2.3945,2019-03-11
2019,3,12,4.4575,6.6384,2.5111,2019-03-12
2019,3,13,2.0227,6.4534,0.2314,2019-03-13
2019,3,14,3.1601,6.7934,0.7963,2019-03-14
2019,3,15,2.5308,6.612,1.0162,2019-03-15
2019,3,16,2.5241,6.1783,0.1135,2019-03-16
2019,3,17,1.4873,6.4332,0.1126,2019-03-17
2019,3,18,4.1868,6.7346,3.4481,2019-03-18
2019,3,19,5.4163,6.6151,4.9846,2019-03-19
2019,3,20,3.5486,6.4231,1.7962,2019-03-20
2019,3,21,6.7498,6.8114,8.3825,2019-03-21
2019,3,22,6.8002,6.8314,8.8786,2019-03-22
2019,3,23,6.7354,6.7942,8.6707,2019-03-23
2019,3,24,6.2638,6.6202,7.002,2019-03-24
2019,3,25,6.2335,6.612,6.162,2019-03-25
2019,3,26,5.238,6.5131,3.5796,2019-03-26
2019,3,27,5.9642,6.3955,5.9362,2019-03-27
2019,3,28,6.3929,6.3958,8.099,2019-03-28
2019,3,29,6.3326,6.3634,8.1403,2019-03-29
2019,3,30,6.3228,6.3379,8.2414,2019-03-30
2019,3,31,1.5262,6.1692,0.3547,2019-03-31
2019,4,1,1.5002,5.8358,0.187,2019-04-01
2019,4,2,0.5448,5.8231,0.1596,2019-04-02
2019,4,3,2.5853,5.771,0.835,2019-04-03
2019,4,4,3.5453,5.5243,2.2207,2019-04-04
2019,4,5,1.7412,5.9448,0.3545,2019-04-05
2019,4,6,5.1074,6.0482,5.5481,2019-04-06
2019,4,7,5.7386,6.2657,6.9406,2019-04-07
2019,4,8,5.5771,6.1505,6.3456,2019-04-08
2019,4,9,5.5236,6.1236,6.3461,2019-04-09
2019,4,10,5.9167,6.0686,8.2159,2019-04-10
2019,4,11,4.3255,5.9458,4.5766,2019-04-11
2019,4,12,5.4643,5.7958,6.2484,2019-04-12
2019,4,13,4.2264,5.6165,3.114,2019-04-13
2019,4,14,5.4206,5.5956,6.5395,2019-04-14
2019,4,15,4.9622,5.5027,4.7678,2019-04-15
2019,4,16,4.939,5.5915,5.2517,2019-04-16
2019,4,17,5.3234,5.8296,7.4278,2019-04-17
2019,4,18,5.6412,5.6568,8.239,2019-04-18
2019,4,19,4.6735,5.3806,5.1506,2019-04-19
2019,4,20,1.7198,5.1914,0.2659,2019-04-20
2019,4,21,0.9612,4.9598,0.1387,2019-04-21
2019,4,22,3.1853,5.0849,3.2107,2019-04-22
2019,4,23,4.8014,5.1641,6.0271,2019-04-23
2019,4,24,4.519,5.105,4.3015,2019-04-24
2019,4,25,2.5471,4.9927,1.1911,2019-04-25
2019,4,26,1.1892,4.8108,0.3055,2019-04-26
2019,4,27,1.1376,4.861,0.3048,2019-04-27
2019,4,28,3.2431,5.2807,1.7657,2019-04-28
2019,4,29,4.7822,5.3122,6.0134,2019-04-29
2019,4,30,0.8698,4.7796,0.2285,2019-04-30
2019,5,1,3.9929,4.8797,3.9569,2019-05-01
2019,5,2,3.2702,4.8122,3.0298,2019-05-02
2019,5,3,4.0752,4.7174,5.3412,2019-05-03
2019,5,4,1.7633,4.6476,0.1423,2019-05-04
2019,5,5,3.9247,4.7165,4.662,2019-05-05
2019,5,6,1.7926,4.5163,0.5741,2019-05-06
2019,5,7,3.3091,4.5965,3.3607,2019-05-07
2019,5,8,3.0238,4.4054,0.9072,2019-05-08
2019,5,9,2.9906,4.4858,2.0892,2019-05-09
2019,5,10,2.1677,4.3802,0.3869,2019-05-10
2019,5,11,1.1388,4.3937,0.3506,2019-05-11
2019,5,12,1.6183,4.6207,0.3737,2019-05-12
2019,5,13,4.5341,4.7887,6.5191,2019-05-13
2019,5,14,4.7076,4.8295,7.133,2019-05-14
2019,5,15,4.6781,4.7136,7.4424,2019-05-15
2019,5,16,4.2835,4.6418,6.4889,2019-05-16
2019,5,17,4.3541,4.5295,6.1843,2019-05-17
2019,5,18,4.3646,4.4921,6.8374,2019-05-18
2019,5,19,1.8559,4.2521,0.9562,2019-05-19
2019,5,20,2.2606,4.0462,1.1957,2019-05-20
2019,5,21,0.7819,3.871,0.1846,2019-05-21
2019,5,22,1.8814,4.3195,0.3115,2019-05-22
2019,5,23,1.1338,4.2559,0.8676,2019-05-23
2019,5,24,2.3278,4.3591,1.8288,2019-05-24
2019,5,25,4.4878,4.4969,7.4578,2019-05-25
2019,5,26,3.0413,4.189,3.3578,2019-05-26
2019,5,27,2.598,3.9718,2.0918,2019-05-27
2019,5,28,1.2413,3.9965,0.2069,2019-05-28
2019,5,29,1.5785,3.9463,0.612,2019-05-29
2019,5,30,1.6411,3.8671,2.2238,2019-05-30
2019,5,31,1.6188,4.0704,0.4735,2019-05-31
2019,6,1,1.6231,3.9451,0.445,2019-06-01
2019,6,2,2.9155,4.0766,2.777,2019-06-02
2019,6,3,4.109,4.3219,6.0449,2019-06-03
2019,6,4,3.8714,4.3001,5.1106,2019-06-04
2019,6,5,4.3241,4.3426,7.3733,2019-06-05
2019,6,6,4.3037,4.3687,7.1458,2019-06-06
2019,6,7,2.9424,4.1302,2.8877,2019-06-07
2019,6,8,1.6867,3.5734,0.7822,2019-06-08
2019,6,9,2.7559,3.9305,3.1992,2019-06-09
2019,6,10,2.3645,3.9821,0.5779,2019-06-10
2019,6,11,2.8325,3.7406,2.423,2019-06-11
2019,6,12,3.2436,3.7908,3.8618,2019-06-12
2019,6,13,3.5362,3.8784,4.6882,2019-06-13
2019,6,14,3.0485,3.7802,2.339,2019-06-14
2019,6,15,2.8994,3.8244,1.3471,2019-06-15
2019,6,16,2.6561,3.6866,1.8475,2019-06-16
2019,6,17,2.0885,3.895,0.7889,2019-06-17
2019,6,18,1.2686,3.7786,0.947,2019-06-18
2019,6,19,1.5158,3.9842,0.5054,2019-06-19
2019,6,20,4.1705,4.1789,7.0915,2019-06-20
2019,6,21,3.9797,3.9823,6.8623,2019-06-21
2019,6,22,3.7306,3.9554,4.9267,2019-06-22
2019,6,23,4.0402,4.0786,6.8813,2019-06-23
2019,6,24,4.073,4.1402,6.7507,2019-06-24
2019,6,25,1.7294,3.6881,2.2229,2019-06-25
2019,6,26,4.1714,4.2386,6.9881,2019-06-26
2019,6,27,1.6334,3.6866,0.78,2019-06-27
2019,6,28,3.3451,3.7618,4.5314,2019-06-28
2019,6,29,3.7706,3.8741,5.6662,2019-06-29
2019,6,30,2.0155,3.6161,2.0609,2019-06-30
2019,7,1,1.3694,3.8736,0.7567,2019-07-01
2019,7,2,0.7267,3.75,0.3547,2019-07-02
2019,7,3,3.9103,4.2691,6.4754,2019-07-03
2019,7,4,3.1169,4.1854,4.05,2019-07-04
2019,7,5,4.3889,4.3934,7.8658,2019-07-05
2019,7,6,4.5283,4.5305,8.4007,2019-07-06
2019,7,7,3.7646,4.5259,4.5866,2019-07-07
2019,7,8,4.4023,4.4071,7.7311,2019-07-08
2019,7,9,3.5333,4.2374,4.0702,2019-07-09
2019,7,10,3.9446,4.1914,5.2063,2019-07-10
2019,7,11,3.3422,4.1208,3.7488,2019-07-11
2019,7,12,2.9261,3.9607,2.4497,2019-07-12
2019,7,13,3.0012,3.6094,2.976,2019-07-13
2019,7,14,1.7935,3.5522,1.039,2019-07-14
2019,7,15,3.4769,4.0294,3.8544,2019-07-15
2019,7,16,3.9778,4.4866,5.2562,2019-07-16
2019,7,17,4.3954,4.5185,6.739,2019-07-17
2019,7,18,2.2553,3.685,0.6994,2019-07-18
2019,7,19,2.1259,3.8018,0.8261,2019-07-19
2019,7,20,3.4829,3.9754,3.8825,2019-07-20
2019,7,21,3.5129,3.9766,4.1405,2019-07-21
2019,7,22,1.5739,3.714,0.9586,2019-07-22
2019,7,23,1.1352,3.827,0.3259,2019-07-23
2019,7,24,0.779,4.0169,0.0463,2019-07-24
2019,7,25,0.6862,4.0906,0.1025,2019-07-25
2019,7,26,2.3534,4.6486,1.729,2019-07-26
2019,7,27,1.4731,4.7213,0.445,2019-07-27
2019,7,28,3.8232,4.6229,3.5738,2019-07-28
2019,7,29,1.9855,4.1129,1.4614,2019-07-29
2019,7,30,4.223,4.4527,5.9659,2019-07-30
2019,7,31,4.6061,4.6128,7.2182,2019-07-31
2019,8,1,4.4246,4.4825,5.9964,2019-08-01
2019,8,2,3.7198,4.9226,4.7069,2019-08-02
2019,8,3,5.1655,5.1665,8.778,2019-08-03
2019,8,4,5.172,5.1751,8.707,2019-08-04
2019,8,5,5.1698,5.1713,8.5018,2019-08-05
2019,8,6,4.8571,4.8763,7.3718,2019-08-06
2019,8,7,4.4196,4.4398,5.7211,2019-08-07
2019,8,8,3.8551,4.2622,3.8822,2019-08-08
2019,8,9,1.2864,4.1263,0.211,2019-08-09
2019,8,10,3.4246,5.0398,2.6393,2019-08-10
2019,8,11,4.3334,4.4304,4.5838,2019-08-11
2019,8,12,3.2688,4.1978,1.8646,2019-08-12
2019,8,13,5.4922,5.4996,8.8416,2019-08-13
2019,8,14,5.3446,5.5896,8.094,2019-08-14
2019,8,15,4.6762,4.7971,5.4874,2019-08-15
2019,8,16,4.447,4.8163,4.9956,2019-08-16
2019,8,17,3.5974,4.243,2.5577,2019-08-17
2019,8,18,3.0367,3.6845,1.5242,2019-08-18
2019,8,19,5.0582,5.1274,5.9484,2019-08-19
2019,8,20,5.5356,5.5404,8.0873,2019-08-20
2019,8,21,5.5627,5.5687,8.106,2019-08-21
2019,8,22,2.3539,4.6337,0.8796,2019-08-22
2019,8,23,5.707,5.7458,8.2596,2019-08-23
2019,8,24,5.5694,5.6155,7.7417,2019-08-24
2019,8,25,3.1577,4.5218,2.0222,2019-08-25
2019,8,26,0.3494,4.145,0.095,2019-08-26
2019,8,27,4.957,5.0503,5.4086,2019-08-27
2019,8,28,5.3006,5.4754,7.092,2019-08-28
2019,8,29,5.5234,5.557,7.2998,2019-08-29
2019,8,30,4.8098,5.046,4.5072,2019-08-30
2019,8,31,1.7501,4.9774,0.595,2019-08-31
2019,9,1,4.5492,6.0439,4.9512,2019-09-01
2019,9,2,6.0811,6.1423,8.4629,2019-09-02
2019,9,3,5.9594,6.0967,7.4582,2019-09-03
2019,9,4,2.8853,5.8423,1.9884,2019-09-04
2019,9,5,1.7614,5.6422,0.0636,2019-09-05
2019,9,6,4.1585,5.0359,2.3198,2019-09-06
2019,9,7,3.0929,4.9742,0.5321,2019-09-07
2019,9,8,3.2602,4.535,0.9991,2019-09-08
2019,9,9,4.5151,5.3162,3.703,2019-09-09
2019,9,10,4.1242,4.6946,2.3671,2019-09-10
2019,9,11,1.6027,4.8173,0.2678,2019-09-11
2019,9,12,3.2736,5.9556,1.5787,2019-09-12
2019,9,13,5.6863,6.019,5.5644,2019-09-13
2019,9,14,4.6183,5.4634,3.4056,2019-09-14
2019,9,15,5.1996,5.2646,4.5161,2019-09-15
2019,9,16,4.0169,4.6627,2.3664,2019-09-16
2019,9,17,1.9435,5.7115,0.0917,2019-09-17
2019,9,18,4.529,6.1202,3.7697,2019-09-18
2019,9,19,1.6294,4.8641,0.4138,2019-09-19
2019,9,20,6.047,6.395,6.4766,2019-09-20
2019,9,21,6.5676,6.8179,7.4083,2019-09-21
2019,9,22,7.0942,7.2175,9.2222,2019-09-22
2019,9,23,6.7051,6.7793,8.106,2019-09-23
2019,9,24,4.7364,6.1471,2.5745,2019-09-24
2019,9,25,5.0777,6.6434,4.0769,2019-09-25
2019,9,26,7.2194,7.3294,9.2669,2019-09-26
2019,9,27,7.1369,7.205,8.9957,2019-09-27
2019,9,28,6.9293,6.9938,8.5325,2019-09-28
2019,9,29,6.9665,6.9802,8.6388,2019-09-29
2019,9,30,6.1236,6.2426,5.509,2019-09-30
2019,10,1,6.1152,6.4322,5.6568,2019-10-01
2019,10,2,1.9565,5.9966,0.1975,2019-10-02
2019,10,3,3.2554,6.2683,0.7685,2019-10-03
2019,10,4,3.857,6.2995,1.8751,2019-10-04
2019,10,5,1.2079,6.6473,0.2534,2019-10-05
2019,10,6,3.3406,7.1606,0.3295,2019-10-06
2019,10,7,6.7236,7.5175,5.5313,2019-10-07
2019,10,8,6.9982,7.5809,8.077,2019-10-08
2019,10,9,7.4957,7.5089,9.8206,2019-10-09
2019,10,10,7.5986,7.6018,10.0682,2019-10-10
2019,10,11,7.2869,7.3694,9.0043,2019-10-11
2019,10,12,7.3795,7.3819,9.1622,2019-10-12
2019,10,13,7.1064,7.2715,7.9346,2019-10-13
2019,10,14,3.0199,6.5338,0.7142,2019-10-14
2019,10,15,1.3963,6.6235,0.0449,2019-10-15
2019,10,16,2.7562,6.631,0.1346,2019-10-16
2019,10,17,5.7358,7.057,3.4164,2019-10-17
2019,10,18,1.8782,6.8518,0.2602,2019-10-18
2019,10,19,4.1342,6.8359,1.1964,2019-10-19
2019,10,20,2.959,6.8309,0.7039,2019-10-20
2019,10,21,2.5687,7.8192,0.4332,2019-10-21
2019,10,22,7.8497,8.0165,8.7398,2019-10-22
2019,10,23,7.9135,8.0767,9.1272,2019-10-23
2019,10,24,8.1106,8.1154,10.0678,2019-10-24
2019,10,25,5.5836,7.8511,4.7753,2019-10-25
2019,10,26,4.908,7.3687,3.1882,2019-10-26
2019,10,27,7.4131,7.7165,7.3846,2019-10-27
2019,10,28,7.5715,7.662,8.2176,2019-10-28
2019,10,29,7.217,7.4654,6.5314,2019-10-29
2019,10,30,6.858,7.4244,5.8046,2019-10-30
2019,10,31,3.2462,6.7056,0.4157,2019-10-31
2019,11,1,7.4417,7.4532,7.0754,2019-11-01
2019,11,2,7.1664,7.7141,6.0386,2019-11-02
2019,11,3,5.8202,7.3056,2.5224,2019-11-03
2019,11,4,7.4292,7.7268,7.2365,2019-11-04
2019,11,5,1.7263,7.4585,0.0101,2019-11-05
2019,11,6,5.538,7.3622,2.257,2019-11-06
2019,11,7,3.1198,7.4554,0.325,2019-11-07
2019,11,8,6.3581,7.8782,5.4953,2019-11-08
2019,11,9,5.2783,7.8842,3.8998,2019-11-09
2019,11,10,7.1306,8.0688,5.262,2019-11-10
2019,11,11,7.782,8.3856,8.0268,2019-11-11
2019,11,12,7.4957,8.2116,7.6193,2019-11-12
2019,11,13,1.3642,7.8281,0.2126,2019-11-13
2019,11,14,5.9407,8.1134,2.7785,2019-11-14
2019,11,15,8.2325,8.339,8.723,2019-11-15
2019,11,16,8.7854,8.8171,10.805,2019-11-16
2019,11,17,8.4425,8.7295,9.0768,2019-11-17
2019,11,18,8.0863,8.4862,8.2541,2019-11-18
2019,11,19,8.1526,8.2927,8.4521,2019-11-19
2019,11,20,7.9752,8.2265,8.2154,2019-11-20
2019,11,21,6.3864,7.9668,2.825,2019-11-21
2019,11,22,5.9256,8.0443,2.6563,2019-11-22
2019,11,23,7.6562,8.4216,7.194,2019-11-23
2019,11,24,8.7122,8.7329,10.5271,2019-11-24
2019,11,25,7.5754,8.1886,7.3411,2019-11-25
2019,11,26,5.2721,7.8914,0.935,2019-11-26
2019,11,27,5.4094,8.1744,1.836,2019-11-27
2019,11,28,8.9208,9.0245,10.859,2019-11-28
2019,11,29,7.787,8.4497,7.4059,2019-11-29
2019,11,30,3.6905,8.2526,0.9355,2019-11-30
2019,12,1,3.6804,8.2824,0.6034,2019-12-01
2019,12,2,8.2618,8.7674,7.7916,2019-12-02
2019,12,3,6.9941,8.6088,5.7514,2019-12-03
2019,12,4,5.4206,8.1967,2.2426,2019-12-04
2019,12,5,6.5882,8.838,2.6467,2019-12-05
2019,12,6,9.2429,9.3324,11.2272,2019-12-06
2019,12,7,8.7542,9.1142,9.697,2019-12-07
2019,12,8,3.2563,8.6674,0.679,2019-12-08
2019,12,9,6.5069,8.5118,3.8414,2019-12-09
2019,12,10,7.2365,8.5361,4.878,2019-12-10
2019,12,11,7.704,8.633,7.0133,2019-12-11
2019,12,12,5.0179,8.4293,3.2782,2019-12-12
2019,12,13,8.4386,8.6134,8.7595,2019-12-13
2019,12,14,8.1751,8.6762,8.1391,2019-12-14
2019,12,15,3.8218,8.1682,2.8836,2019-12-15
2019,12,16,2.7154,8.2097,0.5112,2019-12-16
2019,12,17,8.2591,8.7425,8.2073,2019-12-17
2019,12,18,8.9434,9.132,9.8232,2019-12-18
2019,12,19,8.2646,8.6539,8.153,2019-12-19
2019,12,20,7.9282,8.5121,7.4218,2019-12-20
2019,12,21,4.4153,8.5322,0.6586,2019-12-21
2019,12,22,7.3351,8.9465,6.5354,2019-12-22
2019,12,23,9.269,9.2861,11.6582,2019-12-23
2019,12,24,9.2136,9.2294,11.7605,2019-12-24
2019,12,25,7.9202,8.6002,7.4923,2019-12-25
2019,12,26,6.7082,8.4384,2.7595,2019-12-26
2019,12,27,5.3383,8.3405,1.5185,2019-12-27
2019,12,28,8.4127,8.6959,9.133,2019-12-28
2019,12,29,8.0254,8.797,9.3199,2019-12-29
2019,12,30,6.672,8.7694,5.915,2019-12-30
2019,12,31,6.9619,8.4533,3.96,2019-12-31
2020,1,1,5.6328,8.5766,3.5292,2020-01-01
2020,1,2,7.098,8.6278,5.2855,2020-01-02
2020,1,3,8.4468,8.7797,9.4195,2020-01-03
2020,1,4,7.7273,8.779,7.1741,2020-01-04
2020,1,5,8.1228,8.7718,8.2318,2020-01-05
2020,1,6,5.7967,8.557,5.0263,2020-01-06
2020,1,7,7.0274,8.449,5.2406,2020-01-07
2020,1,8,7.2223,8.3525,5.3414,2020-01-08
2020,1,9,6.3403,8.0659,4.8211,2020-01-09
2020,1,10,6.6646,8.1406,4.8182,2020-01-10
2020,1,11,5.5315,8.0071,2.334,2020-01-11
2020,1,12,1.7575,7.7738,0.3091,2020-01-12
2020,1,13,3.474,7.8941,0.4966,2020-01-13
2020,1,14,5.6479,8.016,2.3419,2020-01-14
2020,1,15,8.083,8.3023,7.4774,2020-01-15
2020,1,16,4.8142,8.1065,0.6343,2020-01-16
2020,1,17,7.333,8.2838,5.7154,2020-01-17
2020,1,18,7.4962,8.1406,6.6089,2020-01-18
2020,1,19,7.5521,8.2699,6.0984,2020-01-19
2020,1,20,7.5821,8.2567,7.3063,2020-01-20
2020,1,21,1.9495,8.1672,0.2095,2020-01-21
2020,1,22,4.2626,7.943,1.6356,2020-01-22
2020,1,23,2.6885,8.0244,0.3058,2020-01-23
2020,1,24,8.5656,8.6126,10.0188,2020-01-24
2020,1,25,8.663,8.6822,10.362,2020-01-25
2020,1,26,8.4595,8.4912,9.6502,2020-01-26
2020,1,27,6.3367,8.2022,4.9013,2020-01-27
2020,1,28,6.6468,8.1557,5.3683,2020-01-28
2020,1,29,6.9358,7.7359,5.2817,2020-01-29
2020,1,30,3.703,7.6555,0.5976,2020-01-30
2020,1,31,7.7645,8.2118,7.7808,2020-01-31
2020,2,1,7.4515,8.159,7.5814,2020-02-01
2020,2,2,7.1489,8.0484,6.349,2020-02-02
2020,2,3,7.7347,8.2865,7.5408,2020-02-03
2020,2,4,7.7626,8.1055,7.3214,2020-02-04
2020,2,5,7.506,8.0302,8.0424,2020-02-05
2020,2,6,5.153,7.8792,3.3269,2020-02-06
2020,2,7,5.7396,7.9834,3.7325,2020-02-07
2020,2,8,6.8222,7.9469,6.1123,2020-02-08
2020,2,9,6.2897,7.8187,5.2303,2020-02-09
2020,2,10,7.8276,7.9476,8.5764,2020-02-10
2020,2,11,8.0057,8.1178,8.7324,2020-02-11
2020,2,12,6.6701,7.8869,5.8752,2020-02-12
2020,2,13,7.4359,7.8797,7.8578,2020-02-13
2020,2,14,3.5501,7.4107,0.1639,2020-02-14
2020,2,15,2.5942,7.362,0.077,2020-02-15
2020,2,16,4.2396,7.5646,3.0377,2020-02-16
2020,2,17,6.5275,7.501,5.9066,2020-02-17
2020,2,18,5.6707,7.4146,3.611,2020-02-18
2020,2,19,5.3801,7.3111,2.5663,2020-02-19
2020,2,20,6.5916,7.5091,5.8325,2020-02-20
2020,2,21,6.5664,7.8878,5.1017,2020-02-21
2020,2,22,8.0806,8.1257,9.8237,2020-02-22
2020,2,23,8.0165,8.0942,9.493,2020-02-23
2020,2,24,7.5442,7.729,8.0438,2020-02-24
2020,2,25,4.447,7.2514,1.9687,2020-02-25
2020,2,26,7.7546,7.8977,8.9774,2020-02-26
2020,2,27,7.9759,8.004,9.7973,2020-02-27
2020,2,28,7.3639,7.8456,8.4718,2020-02-28
2020,2,29,7.6783,7.7398,9.3874,2020-02-29
2020,3,1,7.7124,7.7638,9.7656,2020-03-01
2020,3,2,7.3543,7.5936,8.8577,2020-03-02
2020,3,3,7.5115,7.5934,9.3094,2020-03-03
2020,3,4,7.4057,7.5629,8.905,2020-03-04
2020,3,5,7.23,7.4986,8.2411,2020-03-05
2020,3,6,7.5175,7.6205,8.461,2020-03-06
2020,3,7,6.0571,7.0308,5.5512,2020-03-07
2020,3,8,5.9897,6.8266,5.2958,2020-03-08
2020,3,9,5.7526,6.4625,3.6792,2020-03-09
2020,3,10,6.8258,6.9288,7.043,2020-03-10
2020,3,11,7.1573,7.219,8.6129,2020-03-11
2020,3,12,6.0187,6.8945,4.7834,2020-03-12
2020,3,13,5.9239,6.7229,5.4583,2020-03-13
2020,3,14,6.0475,6.6646,5.0237,2020-03-14
2020,3,15,4.1681,6.4632,0.4318,2020-03-15
2020,3,16,4.969,6.473,3.4771,2020-03-16
2020,3,17,6.318,6.5424,6.425,2020-03-17
2020,3,18,2.893,6.2645,1.1731,2020-03-18
2020,3,19,2.1089,6.4999,0.5506,2020-03-19
2020,3,20,7.1376,7.1558,9.809,2020-03-20
2020,3,21,7.122,7.1371,9.8657,2020-03-21
2020,3,22,7.0802,7.1124,9.6958,2020-03-22
2020,3,23,6.835,6.8633,9.1774,2020-03-23
2020,3,24,6.845,6.8554,9.523,2020-03-24
2020,3,25,6.4373,6.715,7.8713,2020-03-25
2020,3,26,5.8519,6.5242,5.0942,2020-03-26
2020,3,27,3.1226,6.2136,1.4323,2020-03-27
2020,3,28,3.3199,6.0252,1.9673,2020-03-28
2020,3,29,5.5752,6.1747,5.8843,2020-03-29
2020,3,30,5.1269,6.1752,5.801,2020-03-30
2020,3,31,4.6298,6.1066,2.2337,2020-03-31
2020,4,1,5.2483,5.9537,4.6898,2020-04-01
2020,4,2,1.5444,5.7538,0.1186,2020-04-02
2020,4,3,6.5489,6.6235,9.079,2020-04-03
2020,4,4,6.4229,6.469,8.9933,2020-04-04
2020,4,5,5.7266,5.9254,6.0432,2020-04-05
2020,4,6,2.5704,5.6148,1.6442,2020-04-06
2020,4,7,5.9326,6.2489,6.3221,2020-04-07
2020,4,8,5.4876,6.2251,5.4559,2020-04-08
2020,4,9,6.1982,6.2078,8.8999,2020-04-09
2020,4,10,5.7324,6.0751,6.967,2020-04-10
2020,4,11,6.2009,6.2237,9.0955,2020-04-11
2020,4,12,6.174,6.1908,9.0516,2020-04-12
2020,4,13,2.6453,5.7048,1.687,2020-04-13
2020,4,14,6.0034,6.0624,8.171,2020-04-14
2020,4,15,6.0259,6.0386,9.042,2020-04-15
2020,4,16,5.9062,5.9278,8.8034,2020-04-16
2020,4,17,5.8193,5.9412,7.9771,2020-04-17
2020,4,18,5.6498,5.7526,8.094,2020-04-18
2020,4,19,5.7876,5.7982,8.6126,2020-04-19
2020,4,20,5.7691,5.7871,8.9023,2020-04-20
2020,4,21,5.6899,5.7094,8.6441,2020-04-21
2020,4,22,5.6227,5.647,8.4823,2020-04-22
2020,4,23,5.4929,5.5229,8.2867,2020-04-23
2020,4,24,5.4958,5.5058,8.4862,2020-04-24
2020,4,25,4.8677,5.2399,6.9811,2020-04-25
2020,4,26,4.2094,4.8876,4.3572,2020-04-26
2020,4,27,4.9798,5.0196,7.0339,2020-04-27
2020,4,28,5.1355,5.1478,7.6224,2020-04-28
2020,4,29,2.5068,4.7395,0.3228,2020-04-29
2020,4,30,4.6483,4.8538,6.0007,2020-04-30
2020,5,1,2.1024,4.5922,0.8306,2020-05-01
2020,5,2,4.0121,5.023,4.2622,2020-05-02
2020,5,3,4.8072,4.9332,6.5292,2020-05-03
2020,5,4,4.0248,4.5869,4.0493,2020-05-04
2020,5,5,3.1937,4.5362,2.5471,2020-05-05
2020,5,6,5.0455,5.1605,7.6802,2020-05-06
2020,5,7,5.2286,5.2877,8.6326,2020-05-07
2020,5,8,5.2397,5.2896,8.7034,2020-05-08
2020,5,9,5.0933,5.1317,8.3434,2020-05-09
2020,5,10,4.9183,4.9234,7.9546,2020-05-10
2020,5,11,2.6861,4.4614,3.1032,2020-05-11
2020,5,12,1.2072,4.1902,0.5232,2020-05-12
2020,5,13,1.5379,4.3776,0.5609,2020-05-13
2020,5,14,4.9092,4.9121,8.0758,2020-05-14
2020,5,15,4.7652,4.8965,8.0419,2020-05-15
2020,5,16,4.8437,4.849,8.399,2020-05-16
2020,5,17,4.8336,4.8468,8.2692,2020-05-17
2020,5,18,4.7878,4.7976,8.1084,2020-05-18
2020,5,19,4.631,4.6673,7.5115,2020-05-19
2020,5,20,3.7368,4.2526,4.9037,2020-05-20
2020,5,21,2.2543,3.9367,1.0555,2020-05-21
2020,5,22,0.7978,4.3075,0.4793,2020-05-22
2020,5,23,3.0182,4.4153,4.0591,2020-05-23
2020,5,24,4.4594,4.6709,6.667,2020-05-24
2020,5,25,4.5727,4.5754,8.0064,2020-05-25
2020,5,26,4.5926,4.5977,8.0342,2020-05-26
2020,5,27,4.506,4.5125,7.8454,2020-05-27
2020,5,28,4.4107,4.4923,7.4669,2020-05-28
2020,5,29,3.9624,4.3966,5.4562,2020-05-29
2020,5,30,3.8762,4.211,4.4441,2020-05-30
2020,5,31,1.249,3.7802,1.1155,2020-05-31
2020,6,1,1.5043,3.984,0.5215,2020-06-01
2020,6,2,4.3615,4.3726,7.4786,2020-06-02
2020,6,3,4.2547,4.3262,6.7944,2020-06-03
2020,6,4,0.5746,3.5443,0.216,2020-06-04
2020,6,5,0.8076,3.9739,0.3216,2020-06-05
2020,6,6,4.1858,4.1909,7.014,2020-06-06
2020,6,7,4.1107,4.1904,6.7759,2020-06-07
2020,6,8,2.6362,3.5018,2.3172,2020-06-08
2020,6,9,2.8346,3.7378,3.1613,2020-06-09
2020,6,10,2.5135,3.6598,2.0376,2020-06-10
2020,6,11,3.4118,3.7709,5.1307,2020-06-11
2020,6,12,3.3982,3.8155,4.0164,2020-06-12
2020,6,13,1.7405,3.9439,1.1604,2020-06-13
2020,6,14,4.0277,4.2326,6.6223,2020-06-14
2020,6,15,3.833,3.8383,6.1234,2020-06-15
2020,6,16,3.8813,3.9353,6.2465,2020-06-16
2020,6,17,3.9432,4.0418,6.0362,2020-06-17
2020,6,18,2.7814,3.6893,2.7115,2020-06-18
2020,6,19,3.3962,3.7426,3.7841,2020-06-19
2020,6,20,3.6679,3.8642,5.6827,2020-06-20
2020,6,21,3.9312,3.9516,6.4512,2020-06-21
2020,6,22,3.2942,3.7546,4.0949,2020-06-22
2020,6,23,3.9629,3.9686,6.5417,2020-06-23
2020,6,24,1.7734,3.7157,0.8789,2020-06-24
2020,6,25,1.0166,4.0656,1.2108,2020-06-25
2020,6,26,2.077,4.2305,1.5098,2020-06-26
2020,6,27,4.3068,4.3212,7.6214,2020-06-27
2020,6,28,4.0123,4.0601,6.264,2020-06-28
2020,6,29,1.7405,3.5638,0.7872,2020-06-29
2020,6,30,2.015,3.7027,0.8969,2020-06-30
2020,7,1,3.6348,4.1563,5.1098,2020-07-01
2020,7,2,2.1247,3.8918,1.926,2020-07-02
2020,7,3,4.2605,4.2703,7.2271,2020-07-03
2020,7,4,3.6881,4.0505,5.2478,2020-07-04
2020,7,5,2.8589,3.6494,2.5061,2020-07-05
2020,7,6,1.11,3.5969,0.6641,2020-07-06
2020,7,7,0.605,3.5808,0.12,2020-07-07
2020,7,8,1.3238,4.3114,0.2683,2020-07-08
2020,7,9,3.6835,4.3433,4.4933,2020-07-09
2020,7,10,4.2166,4.2578,6.8546,2020-07-10
2020,7,11,2.6712,3.4478,2.0364,2020-07-11
2020,7,12,3.2148,3.9732,3.8779,2020-07-12
2020,7,13,2.3419,3.8707,1.907,2020-07-13
2020,7,14,4.3248,4.4566,7.1885,2020-07-14
2020,7,15,2.8622,4.1765,2.5402,2020-07-15
2020,7,16,3.247,3.8882,3.4411,2020-07-16
2020,7,17,3.7598,3.8671,4.8703,2020-07-17
2020,7,18,4.2672,4.2737,6.7313,2020-07-18
2020,7,19,4.29,4.3262,6.6278,2020-07-19
2020,7,20,3.8342,4.2744,4.3121,2020-07-20
2020,7,21,3.768,4.2977,3.8669,2020-07-21
2020,7,22,3.8136,4.2689,4.4515,2020-07-22
2020,7,23,4.0241,4.1566,5.3626,2020-07-23
2020,7,24,0.7865,3.792,0.2194,2020-07-24
2020,7,25,4.08,4.8382,4.7347,2020-07-25
2020,7,26,3.5381,4.5151,2.0803,2020-07-26
2020,7,27,3.0768,4.2358,2.3916,2020-07-27
2020,7,28,2.0136,4.5276,0.8652,2020-07-28
2020,7,29,4.9999,5.0038,8.4991,2020-07-29
2020,7,30,4.3092,4.8031,5.5822,2020-07-30
2020,7,31,3.2873,4.301,2.2147,2020-07-31
2020,8,1,4.4834,4.5317,6.5126,2020-08-01
2020,8,2,4.6817,4.6956,7.0574,2020-08-02
2020,8,3,4.7227,4.7472,7.2055,2020-08-03
2020,8,4,4.757,4.7633,7.1688,2020-08-04
2020,8,5,4.8814,4.8912,7.4064,2020-08-05
2020,8,6,4.9042,4.9397,7.1323,2020-08-06
2020,8,7,4.4604,4.6836,5.0006,2020-08-07
2020,8,8,4.6762,4.6934,6.2472,2020-08-08
2020,8,9,4.8972,4.9102,6.9871,2020-08-09
2020,8,10,4.1916,4.272,4.415,2020-08-10
2020,8,11,3.685,4.2912,2.4142,2020-08-11
2020,8,12,1.0183,4.0591,0.3799,2020-08-12
2020,8,13,2.6023,4.6625,1.9891,2020-08-13
2020,8,14,2.2678,3.5333,0.8182,2020-08-14
2020,8,15,3.8026,4.349,3.0204,2020-08-15
2020,8,16,4.2766,4.9714,3.9533,2020-08-16
2020,8,17,5.0513,5.249,6.4346,2020-08-17
2020,8,18,3.3802,4.7114,2.3102,2020-08-18
2020,8,19,4.2461,4.957,4.1098,2020-08-19
2020,8,20,5.207,5.5219,5.9306,2020-08-20
2020,8,21,5.9359,5.9854,8.981,2020-08-21
2020,8,22,5.6587,5.7643,8.4511,2020-08-22
2020,8,23,5.4595,5.6222,6.8801,2020-08-23
2020,8,24,5.0148,5.027,5.8502,2020-08-24
2020,8,25,4.9714,4.9898,5.6698,2020-08-25
2020,8,26,4.8466,4.9056,5.2291,2020-08-26
2020,8,27,4.7585,4.83,4.8014,2020-08-27
2020,8,28,4.4858,4.5367,4.0603,2020-08-28
2020,8,29,4.1532,4.5252,3.3437,2020-08-29
2020,8,30,1.721,3.8062,0.1771,2020-08-30
2020,8,31,3.3451,4.4683,1.2106,2020-08-31
2020,9,1,4.0481,4.8463,1.962,2020-09-01
2020,9,2,2.6794,4.8898,0.1802,2020-09-02
2020,9,3,3.2417,5.3676,2.0592,2020-09-03
2020,9,4,5.5402,5.6873,5.663,2020-09-04
2020,9,5,3.4812,4.0824,1.8182,2020-09-05
2020,9,6,2.5471,3.9744,0.9641,2020-09-06
2020,9,7,1.6442,4.6202,0.1769,2020-09-07
2020,9,8,3.2256,4.5782,0.9305,2020-09-08
2020,9,9,3.882,4.4326,2.4322,2020-09-09
2020,9,10,4.6394,4.7345,3.4296,2020-09-10
2020,9,11,2.4382,3.4462,0.1949,2020-09-11
2020,9,12,3.0629,3.5374,1.2799,2020-09-12
2020,9,13,2.9724,3.1567,0.9276,2020-09-13
2020,9,14,1.6176,4.0382,0.0883,2020-09-14
2020,9,15,2.0062,4.692,0.0569,2020-09-15
2020,9,16,1.0229,3.9319,0.0991,2020-09-16
2020,9,17,3.4387,5.9102,2.3842,2020-09-17
2020,9,18,6.5107,6.6281,7.4746,2020-09-18
2020,9,19,6.2573,6.3295,6.5234,2020-09-19
2020,9,20,5.3335,6.2918,3.7044,2020-09-20
2020,9,21,5.9395,6.7627,4.962,2020-09-21
2020,9,22,7.0133,7.1417,8.7612,2020-09-22
2020,9,23,6.7903,6.8083,8.7979,2020-09-23
2020,9,24,6.7913,6.8124,8.5462,2020-09-24
2020,9,25,6.5294,6.5753,7.5533,2020-09-25
2020,9,26,5.6954,5.8447,5.0134,2020-09-26
2020,9,27,4.607,5.3851,2.226,2020-09-27
2020,9,28,5.7473,6.57,5.0378,2020-09-28
2020,9,29,6.2453,6.4171,5.6844,2020-09-29
2020,9,30,5.6508,6.0792,4.471,2020-09-30
2020,10,1,5.6206,5.9786,4.4734,2020-10-01
2020,10,2,4.6637,5.6059,1.6186,2020-10-02
2020,10,3,5.1089,5.7468,2.5726,2020-10-03
2020,10,4,5.5082,5.9734,3.7298,2020-10-04
2020,10,5,6.3859,6.5158,6.1594,2020-10-05
2020,10,6,6.5681,6.6674,5.9906,2020-10-06
2020,10,7,5.7658,5.8243,4.1801,2020-10-07
2020,10,8,6.1212,6.1658,5.1103,2020-10-08
2020,10,9,3.4968,6.511,1.2576,2020-10-09
2020,10,10,7.2698,7.5444,7.9195,2020-10-10
2020,10,11,7.3181,7.4712,8.2819,2020-10-11
2020,10,12,6.433,6.9864,5.3395,2020-10-12
2020,10,13,4.9397,6.119,1.6356,2020-10-13
2020,10,14,2.5483,4.3068,0.2026,2020-10-14
2020,10,15,2.5627,5.4974,0.847,2020-10-15
2020,10,16,5.4334,6.9079,3.535,2020-10-16
2020,10,17,5.9275,6.4812,3.5431,2020-10-17
2020,10,18,7.2768,7.3918,7.7357,2020-10-18
2020,10,19,7.6094,7.6373,8.9659,2020-10-19
2020,10,20,5.8351,7.5074,4.2835,2020-10-20
2020,10,21,6.7198,7.3913,5.3621,2020-10-21
2020,10,22,7.1206,7.5377,6.8441,2020-10-22
2020,10,23,6.6281,7.5677,5.4206,2020-10-23
2020,10,24,6.8506,7.65,6.8309,2020-10-24
2020,10,25,7.7194,7.7494,8.7823,2020-10-25
2020,10,26,4.7789,7.5907,2.4998,2020-10-26
2020,10,27,8.4266,8.4437,10.8682,2020-10-27
2020,10,28,8.2447,8.3386,10.1506,2020-10-28
2020,10,29,5.9434,7.9567,3.0943,2020-10-29
2020,10,30,8.2764,8.3201,9.7805,2020-10-30
2020,10,31,8.2373,8.3621,9.757,2020-10-31
2020,11,1,8.2034,8.4403,9.5338,2020-11-01
2020,11,2,7.4378,8.2046,6.036,2020-11-02
2020,11,3,8.2236,8.453,9.3694,2020-11-03
2020,11,4,8.6033,8.663,10.6049,2020-11-04
2020,11,5,8.5159,8.7761,9.5686,2020-11-05
2020,11,6,8.159,8.4761,9.0449,2020-11-06
2020,11,7,7.8098,8.0335,7.0718,2020-11-07
2020,11,8,2.4521,6.5842,0.1663,2020-11-08
2020,11,9,1.4371,6.8311,0.0746,2020-11-09
2020,11,10,1.4362,7.1854,0.103,2020-11-10
2020,11,11,6.858,7.627,4.9716,2020-11-11
2020,11,12,7.4234,8.135,6.8954,2020-11-12
2020,11,13,7.8206,8.4526,6.6199,2020-11-13
2020,11,14,8.2032,8.3321,8.9129,2020-11-14
2020,11,15,2.9467,7.9901,1.284,2020-11-15
2020,11,16,5.3546,7.896,3.3367,2020-11-16
2020,11,17,8.2207,8.4211,8.6374,2020-11-17
2020,11,18,5.8471,8.6638,4.872,2020-11-18
2020,11,19,8.3621,8.6227,9.0163,2020-11-19
2020,11,20,8.2169,8.6239,8.9683,2020-11-20
2020,11,21,8.6338,8.7,9.9552,2020-11-21
2020,11,22,8.8354,8.8478,10.4059,2020-11-22
2020,11,23,8.7245,8.7763,10.2624,2020-11-23
2020,11,24,8.7197,8.8248,10.337,2020-11-24
2020,11,25,7.9344,8.417,7.5262,2020-11-25
2020,11,26,0.6756,7.7263,0.2458,2020-11-26
2020,11,27,7.2432,8.1478,5.8632,2020-11-27
2020,11,28,8.425,8.4389,9.845,2020-11-28
2020,11,29,8.0794,8.4766,7.9795,2020-11-29
2020,11,30,1.7513,8.209,0.2887,2020-11-30
2020,12,1,7.2461,8.2519,6.8054,2020-12-01
2020,12,2,7.3164,8.1485,5.7473,2020-12-02
2020,12,3,3.8138,8.2685,1.151,2020-12-03
2020,12,4,2.3189,8.1881,0.2604,2020-12-04
2020,12,5,7.3385,8.5013,6.0799,2020-12-05
2020,12,6,8.4154,8.7022,8.2973,2020-12-06
2020,12,7,9.0696,9.0823,11.2094,2020-12-07
2020,12,8,9.0223,9.0408,11.3738,2020-12-08
2020,12,9,9.0677,9.1078,11.3006,2020-12-09
2020,12,10,9.096,9.1274,11.5692,2020-12-10
2020,12,11,8.9218,8.9635,10.8197,2020-12-11
2020,12,12,8.5423,8.6959,9.887,2020-12-12
2020,12,13,6.2532,8.5078,4.8019,2020-12-13
2020,12,14,5.7874,8.3498,3.1618,2020-12-14
2020,12,15,8.4701,8.7319,9.0173,2020-12-15
2020,12,16,2.717,8.3182,1.392,2020-12-16
2020,12,17,7.8132,8.5286,7.6164,2020-12-17
2020,12,18,6.2455,8.2954,3.4128,2020-12-18
2020,12,19,7.8782,8.4374,8.2968,2020-12-19
2020,12,20,1.446,8.2625,0.229,2020-12-20
2020,12,21,8.0227,8.9398,6.876,2020-12-21
2020,12,22,9.0886,9.1514,10.9534,2020-12-22
2020,12,23,9.0094,9.1735,10.1287,2020-12-23
2020,12,24,8.3434,8.8267,8.6443,2020-12-24
2020,12,25,5.1866,8.6227,1.3644,2020-12-25
2020,12,26,5.6448,8.466,3.619,2020-12-26
2020,12,27,8.4626,8.6585,9.3806,2020-12-27
2020,12,28,8.2409,8.6419,8.7487,2020-12-28
2020,12,29,6.215,8.4974,3.3096,2020-12-29
2020,12,30,8.3758,8.5704,9.1126,2020-12-30
2020,12,31,4.2792,8.4715,1.1729,2020-12-31
2021,1,1,9.1373,9.1567,11.0882,2021-01-01
2021,1,2,8.9674,8.9794,11.1223,2021-01-02
2021,1,3,8.7734,8.9232,9.9192,2021-01-03
2021,1,4,5.1082,8.2087,0.7942,2021-01-04
2021,1,5,5.3069,8.219,3.4622,2021-01-05
2021,1,6,6.6667,8.3686,4.7928,2021-01-06
2021,1,7,5.5625,8.093,2.4463,2021-01-07
2021,1,8,6.8933,8.261,5.2867,2021-01-08
2021,1,9,3.2587,8.0335,0.6828,2021-01-09
2021,1,10,5.9467,8.1588,2.8073,2021-01-10
2021,1,11,8.2366,8.3834,8.7902,2021-01-11
2021,1,12,2.8001,8.1005,0.5225,2021-01-12
2021,1,13,7.6795,8.3275,7.2655,2021-01-13
2021,1,14,7.9013,8.2903,7.9908,2021-01-14
2021,1,15,8.0059,8.4,8.2085,2021-01-15
2021,1,16,6.1603,8.1192,5.1007,2021-01-16
2021,1,17,2.2685,7.9217,0.2736,2021-01-17
2021,1,18,8.6748,8.7516,9.8441,2021-01-18
2021,1,19,8.4166,8.6986,9.1562,2021-01-19
2021,1,20,5.7115,8.0666,3.3994,2021-01-20
2021,1,21,6.6163,8.2128,5.995,2021-01-21
2021,1,22,4.9387,8.1444,3.1896,2021-01-22
2021,1,23,4.5302,8.0736,2.6256,2021-01-23
2021,1,24,4.1352,8.0542,1.691,2021-01-24
2021,1,25,5.5034,7.8161,2.1262,2021-01-25
2021,1,26,4.6142,7.9277,0.6458,2021-01-26
2021,1,27,5.9873,7.8329,3.6874,2021-01-27
2021,1,28,5.7576,8.1163,3.9758,2021-01-28
2021,1,29,7.7491,8.1814,7.9694,2021-01-29
2021,1,30,6.9845,7.9601,6.1289,2021-01-30
2021,1,31,6.3098,7.8312,4.7203,2021-01-31
2021,2,1,3.9706,7.9262,0.9979,2021-02-01
2021,2,2,3.2189,7.9188,0.3204,2021-02-02
2021,2,3,3.4824,7.6726,0.5023,2021-02-03
2021,2,4,6.8534,8.1706,5.6909,2021-02-04
2021,2,5,8.2519,8.466,9.6545,2021-02-05
2021,2,6,8.5354,8.5426,10.5936,2021-02-06
2021,2,7,8.5488,8.5567,10.8713,2021-02-07
2021,2,8,7.7525,8.4089,7.2336,2021-02-08
2021,2,9,5.3347,8.0088,1.2902,2021-02-09
2021,2,10,5.3976,7.7623,1.8154,2021-02-10
2021,2,11,5.591,7.825,2.8735,2021-02-11
2021,2,12,7.5242,7.9913,7.4654,2021-02-12
2021,2,13,6.4745,7.8588,5.2769,2021-02-13
2021,2,14,7.0231,7.8878,6.0958,2021-02-14
2021,2,15,7.5379,7.8823,7.4719,2021-02-15
2021,2,16,6.7925,7.9445,5.2586,2021-02-16
2021,2,17,7.9954,8.0784,9.4231,2021-02-17
2021,2,18,8.1221,8.1343,10.1916,2021-02-18
2021,2,19,8.0678,8.0762,9.853,2021-02-19
2021,2,20,6.5496,7.7306,5.7139,2021-02-20
2021,2,21,7.5492,7.7803,8.2718,2021-02-21
2021,2,22,7.6555,7.6975,9.1224,2021-02-22
2021,2,23,7.5833,7.655,8.9064,2021-02-23
2021,2,24,4.3262,7.3574,1.2547,2021-02-24
2021,2,25,4.776,7.6094,3.5818,2021-02-25
2021,2,26,7.7052,7.8257,9.4258,2021-02-26
2021,2,27,7.4074,7.6346,8.8901,2021-02-27
2021,2,28,7.5802,7.6452,9.5638,2021-02-28
2021,3,1,7.0949,7.4882,8.0585,2021-03-01
2021,3,2,6.9002,7.4102,7.2905,2021-03-02
2021,3,3,6.415,7.1851,5.388,2021-03-03
2021,3,4,3.9782,6.9305,2.7617,2021-03-04
2021,3,5,5.3698,7.1746,4.7386,2021-03-05
2021,3,6,7.4078,7.5679,8.9978,2021-03-06
2021,3,7,7.6267,7.6493,9.9226,2021-03-07
2021,3,8,7.4971,7.5598,9.5846,2021-03-08
2021,3,9,7.4232,7.4369,9.6864,2021-03-09
2021,3,10,7.4258,7.4352,9.7214,2021-03-10
2021,3,11,7.5014,7.5264,9.9463,2021-03-11
2021,3,12,7.2499,7.3231,8.8918,2021-03-12
2021,3,13,6.6523,7.1045,6.4985,2021-03-13
2021,3,14,6.7438,6.9221,7.4868,2021-03-14
2021,3,15,6.6545,6.8767,6.9058,2021-03-15
2021,3,16,6.6533,6.7867,7.5701,2021-03-16
2021,3,17,2.0662,6.7548,0.3418,2021-03-17
2021,3,18,4.9745,6.9182,3.8563,2021-03-18
2021,3,19,6.6698,6.7673,7.7213,2021-03-19
2021,3,20,5.4029,6.4229,4.3493,2021-03-20
2021,3,21,1.6121,6.1025,0.2081,2021-03-21
2021,3,22,4.2583,6.1447,3.1248,2021-03-22
2021,3,23,4.3488,6.3497,3.84,2021-03-23
2021,3,24,6.2722,6.5155,8.0059,2021-03-24
2021,3,25,6.3641,6.5309,7.8886,2021-03-25
2021,3,26,5.0546,6.3302,2.7425,2021-03-26
2021,3,27,2.3098,6.019,0.5563,2021-03-27
2021,3,28,2.6935,6.101,0.7747,2021-03-28
2021,3,29,3.1788,6.1387,0.7358,2021-03-29
2021,3,30,6.019,6.4063,6.7478,2021-03-30
2021,3,31,5.6743,6.4841,6.9528,2021-03-31
2021,4,1,6.4913,6.5033,9.1637,2021-04-01
2021,4,2,6.3038,6.3936,8.387,2021-04-02
2021,4,3,6.2347,6.246,8.6575,2021-04-03
2021,4,4,4.5662,5.9093,2.7708,2021-04-04
2021,4,5,3.3317,5.8255,1.5797,2021-04-05
2021,4,6,2.7898,5.7958,0.6475,2021-04-06
2021,4,7,4.951,5.8507,5.2879,2021-04-07
2021,4,8,5.2262,5.855,5.347,2021-04-08
2021,4,9,5.5351,5.803,6.4766,2021-04-09
2021,4,10,5.7617,5.8356,7.9334,2021-04-10
2021,4,11,2.1794,5.5594,0.6223,2021-04-11
2021,4,12,3.5539,5.5762,3.0046,2021-04-12
2021,4,13,5.1953,5.6294,5.7271,2021-04-13
2021,4,14,5.4077,5.6626,6.6634,2021-04-14
2021,4,15,3.8566,5.4967,3.3821,2021-04-15
2021,4,16,4.2038,5.4826,2.9537,2021-04-16
2021,4,17,5.5454,5.6942,7.8326,2021-04-17
2021,4,18,5.5152,5.6076,7.6231,2021-04-18
2021,4,19,5.5946,5.6134,8.2661,2021-04-19
2021,4,20,5.5529,5.5826,8.2507,2021-04-20
2021,4,21,5.5546,5.5591,8.383,2021-04-21
2021,4,22,1.6229,5.4202,0.5273,2021-04-22
2021,4,23,4.3764,5.2927,3.9511,2021-04-23
2021,4,24,0.4872,4.8048,0.247,2021-04-24
2021,4,25,3.5232,5.2752,3.4685,2021-04-25
2021,4,26,5.6119,5.6592,8.6105,2021-04-26
2021,4,27,5.3402,5.4679,8.1674,2021-04-27
2021,4,28,5.5531,5.556,9.03,2021-04-28
2021,4,29,5.503,5.5068,8.7602,2021-04-29
2021,4,30,5.2498,5.2555,8.2358,2021-04-30
2021,5,1,4.7875,5.0875,6.2815,2021-05-01
2021,5,2,4.3061,4.9354,4.4993,2021-05-02
2021,5,3,4.841,4.9241,7.2154,2021-05-03
2021,5,4,3.605,4.7388,3.804,2021-05-04
2021,5,5,0.9204,4.685,0.492,2021-05-05
2021,5,6,2.3549,4.9202,1.2691,2021-05-06
2021,5,7,5.0376,5.2541,7.0826,2021-05-07
2021,5,8,5.0887,5.1007,8.1626,2021-05-08
2021,5,9,4.5096,4.7129,6.2882,2021-05-09
2021,5,10,4.0176,4.5154,4.393,2021-05-10
2021,5,11,0.8446,4.3822,0.4406,2021-05-11
2021,5,12,4.9231,4.968,7.7654,2021-05-12
2021,5,13,4.6207,4.9224,6.1397,2021-05-13
2021,5,14,2.1557,3.9763,1.399,2021-05-14
2021,5,15,3.8486,4.2708,4.3284,2021-05-15
2021,5,16,4.5127,4.5878,6.9734,2021-05-16
2021,5,17,4.415,4.5506,6.7013,2021-05-17
2021,5,18,4.5828,4.6723,7.1431,2021-05-18
2021,5,19,3.8455,4.5274,4.4078,2021-05-19
2021,5,20,3.594,4.1712,3.913,2021-05-20
2021,5,21,2.6616,4.007,2.4336,2021-05-21
2021,5,22,3.3806,4.5542,3.5669,2021-05-22
2021,5,23,4.728,4.7347,8.4137,2021-05-23
2021,5,24,4.5017,4.686,6.8278,2021-05-24
2021,5,25,3.8938,4.4707,4.2658,2021-05-25
2021,5,26,3.6641,4.3548,3.8712,2021-05-26
2021,5,27,3.4862,4.1921,2.5049,2021-05-27
2021,5,28,3.0583,3.9288,2.9345,2021-05-28
2021,5,29,1.9531,4.0807,1.32,2021-05-29
2021,5,30,4.237,4.355,6.2177,2021-05-30
2021,5,31,4.4748,4.4815,7.4297,2021-05-31
2021,6,1,4.4042,4.4215,7.2458,2021-06-01
2021,6,2,3.3134,3.8743,3.8174,2021-06-02
2021,6,3,3.1987,3.8318,3.4735,2021-06-03
2021,6,4,4.0565,4.0682,6.5206,2021-06-04
2021,6,5,2.2546,3.7315,0.3252,2021-06-05
2021,6,6,2.4533,3.7025,1.2958,2021-06-06
2021,6,7,1.3747,3.7726,0.4277,2021-06-07
2021,6,8,1.7611,3.8311,0.9156,2021-06-08
2021,6,9,1.4114,3.7478,0.4526,2021-06-09
2021,6,10,1.649,3.8508,0.7865,2021-06-10
2021,6,11,3.4471,4.1302,4.7081,2021-06-11
2021,6,12,4.2847,4.2881,7.7393,2021-06-12
2021,6,13,4.2298,4.2391,7.6903,2021-06-13
2021,6,14,4.2187,4.2202,7.4254,2021-06-14
2021,6,15,3.4459,4.0646,3.6924,2021-06-15
2021,6,16,2.1353,3.9115,1.0721,2021-06-16
2021,6,17,2.5174,3.9302,1.1496,2021-06-17
2021,6,18,1.1822,3.9024,0.7008,2021-06-18
2021,6,19,1.4112,3.857,0.6007,2021-06-19
2021,6,20,2.2092,3.7762,1.4256,2021-06-20
2021,6,21,0.9886,3.5731,0.4169,2021-06-21
2021,6,22,1.6219,3.6199,0.4584,2021-06-22
2021,6,23,2.5392,3.4673,1.3764,2021-06-23
2021,6,24,2.2493,3.7013,1.0363,2021-06-24
2021,6,25,3.4903,4.032,4.2074,2021-06-25
2021,6,26,1.5276,3.4073,0.2438,2021-06-26
2021,6,27,1.0728,4.141,0.3989,2021-06-27
2021,6,28,3.9197,4.3438,5.3755,2021-06-28
2021,6,29,4.4009,4.4038,7.698,2021-06-29
2021,6,30,4.2206,4.3495,7.0562,2021-06-30
2021,7,1,4.3445,4.3817,7.5538,2021-07-01
2021,7,2,4.2802,4.3594,6.7723,2021-07-02
2021,7,3,4.0205,4.1054,5.639,2021-07-03
2021,7,4,3.6456,4.1105,4.9421,2021-07-04
2021,7,5,3.9214,3.9722,5.8183,2021-07-05
2021,7,6,4.1347,4.1438,6.6811,2021-07-06
2021,7,7,3.8146,4.0118,5.3321,2021-07-07
2021,7,8,4.1004,4.1179,6.528,2021-07-08
2021,7,9,4.1138,4.1438,6.5335,2021-07-09
2021,7,10,2.8529,3.9727,1.9762,2021-07-10
2021,7,11,3.9132,4.002,5.4062,2021-07-11
2021,7,12,4.1371,4.1686,6.2393,2021-07-12
2021,7,13,2.5574,3.8765,1.6094,2021-07-13
2021,7,14,2.0762,3.6473,0.3641,2021-07-14
2021,7,15,0.8038,3.8263,0.2642,2021-07-15
2021,7,16,2.9189,4.255,3.4471,2021-07-16
2021,7,17,4.2511,4.3961,6.5222,2021-07-17
2021,7,18,4.7081,4.741,7.8972,2021-07-18
2021,7,19,4.3154,4.745,4.7278,2021-07-19
2021,7,20,1.7806,4.4537,0.6278,2021-07-20
2021,7,21,4.1866,4.4731,6.0269,2021-07-21
2021,7,22,4.5581,4.5655,7.4938,2021-07-22
2021,7,23,4.6786,4.697,7.687,2021-07-23
2021,7,24,4.2487,4.2576,6.2522,2021-07-24
2021,7,25,3.9674,4.0937,4.8372,2021-07-25
2021,7,26,1.4628,3.899,0.0725,2021-07-26
2021,7,27,4.261,4.8494,5.9683,2021-07-27
2021,7,28,4.9037,4.9097,8.0402,2021-07-28
2021,7,29,4.9853,4.9908,8.1761,2021-07-29
2021,7,30,4.9387,5.0131,7.5766,2021-07-30
2021,7,31,2.1979,4.5826,0.5419,2021-07-31
2021,8,1,4.4098,4.6219,5.5277,2021-08-01
2021,8,2,4.9853,5.005,8.0616,2021-08-02
2021,8,3,4.7254,5.1029,5.3462,2021-08-03
2021,8,4,4.3802,4.9378,4.6925,2021-08-04
2021,8,5,2.4336,4.704,0.4106,2021-08-05
2021,8,6,3.4754,4.6068,2.604,2021-08-06
2021,8,7,4.6987,4.7638,6.4488,2021-08-07
2021,8,8,4.1616,4.5679,4.5665,2021-08-08
2021,8,9,3.811,4.1707,3.721,2021-08-09
2021,8,10,1.248,4.5406,0.4526,2021-08-10
2021,8,11,2.1504,5.1144,0.9384,2021-08-11
2021,8,12,1.6822,5.1043,0.6972,2021-08-12
2021,8,13,4.4009,5.0285,4.229,2021-08-13
2021,8,14,4.5058,4.8662,4.0855,2021-08-14
2021,8,15,4.53,5.0249,5.2882,2021-08-15
2021,8,16,5.0107,5.0285,6.571,2021-08-16
2021,8,17,4.525,4.7604,5.0398,2021-08-17
2021,8,18,4.5552,4.7441,4.4594,2021-08-18
2021,8,19,4.7474,4.8274,5.1737,2021-08-19
2021,8,20,3.9286,4.2554,3.3725,2021-08-20
2021,8,21,3.6048,3.7987,2.4118,2021-08-21
2021,8,22,3.8242,4.2211,2.471,2021-08-22
2021,8,23,2.7816,3.3924,1.3142,2021-08-23
2021,8,24,2.3268,3.341,0.7426,2021-08-24
2021,8,25,0.7855,3.8587,0.0782,2021-08-25
2021,8,26,4.9474,5.771,6.6773,2021-08-26
2021,8,27,4.9937,5.8538,4.6637,2021-08-27
2021,8,28,5.3851,5.4778,6.5062,2021-08-28
2021,8,29,4.8182,5.4986,5.1122,2021-08-29
2021,8,30,5.7038,5.797,7.6118,2021-08-30
2021,8,31,5.8435,5.8709,8.1482,2021-08-31
2021,9,1,5.9126,5.9573,8.0038,2021-09-01
2021,9,2,4.9013,5.3738,4.5262,2021-09-02
2021,9,3,2.6026,5.2162,1.291,2021-09-03
2021,9,4,3.7265,5.0719,2.4821,2021-09-04
2021,9,5,4.5742,5.514,3.8897,2021-09-05
2021,9,6,5.3297,5.371,5.6604,2021-09-06
2021,9,7,5.0916,5.4163,4.819,2021-09-07
2021,9,8,1.5259,5.6592,0.2734,2021-09-08
2021,9,9,6.5016,6.5496,9.102,2021-09-09
2021,9,10,5.8697,6.6019,6.9595,2021-09-10
2021,9,11,5.8805,6.1966,7.1162,2021-09-11
2021,9,12,4.4254,5.652,2.0561,2021-09-12
2021,9,13,4.0697,5.527,1.7556,2021-09-13
2021,9,14,1.9296,5.8291,0.4524,2021-09-14
2021,9,15,4.3459,6.6857,3.0362,2021-09-15
2021,9,16,2.7576,6.0466,1.0409,2021-09-16
2021,9,17,4.2281,5.459,2.6438,2021-09-17
2021,9,18,5.6426,5.9122,4.9704,2021-09-18
2021,9,19,4.4611,5.1638,2.7547,2021-09-19
2021,9,20,5.1559,5.4173,3.9691,2021-09-20
2021,9,21,1.1827,5.6671,0.0986,2021-09-21
2021,9,22,6.2071,6.3182,6.5494,2021-09-22
2021,9,23,3.9482,6.0701,0.9106,2021-09-23
2021,9,24,7.0438,7.1086,9.0151,2021-09-24
2021,9,25,7.2278,7.2806,9.4963,2021-09-25
2021,9,26,7.0814,7.1498,8.9486,2021-09-26
2021,9,27,6.0722,6.1522,5.598,2021-09-27
2021,9,28,0.7303,4.9075,0.1054,2021-09-28
2021,9,29,4.4292,5.6117,2.551,2021-09-29
2021,9,30,4.9874,5.689,3.0401,2021-09-30
2021,10,1,3.9024,5.8601,1.0385,2021-10-01
2021,10,2,3.8311,5.9777,1.5228,2021-10-02
2021,10,3,1.8079,6.0557,0.2899,2021-10-03
2021,10,4,3.7277,7.2929,2.4749,2021-10-04
2021,10,5,4.4045,6.9209,2.4674,2021-10-05
2021,10,6,4.3387,6.2436,1.5535,2021-10-06
2021,10,7,3.3113,6.6312,0.8028,2021-10-07
2021,10,8,4.4239,6.6797,2.724,2021-10-08
2021,10,9,1.818,6.5501,0.5438,2021-10-09
2021,10,10,4.512,6.8916,2.5241,2021-10-10
2021,10,11,6.421,7.2406,5.8956,2021-10-11
2021,10,12,7.5122,7.536,9.0614,2021-10-12
2021,10,13,5.7482,7.0639,4.6231,2021-10-13
2021,10,14,5.1554,6.5702,3.2052,2021-10-14
2021,10,15,1.47,7.1064,1.1136,2021-10-15
2021,10,16,2.8517,7.5816,0.395,2021-10-16
2021,10,17,5.2783,7.5869,3.9811,2021-10-17
2021,10,18,7.8238,7.8413,8.9693,2021-10-18
2021,10,19,7.9337,8.1859,9.1812,2021-10-19
2021,10,20,8.0873,8.1473,9.9672,2021-10-20
2021,10,21,7.855,8.0494,8.6371,2021-10-21
2021,10,22,6.9422,7.8343,6.7361,2021-10-22
2021,10,23,4.3922,6.529,1.4904,2021-10-23
2021,10,24,7.9289,8.197,9.0744,2021-10-24
2021,10,25,8.412,8.4324,11.0074,2021-10-25
2021,10,26,8.3947,8.399,11.0378,2021-10-26
2021,10,27,8.1749,8.3986,9.7865,2021-10-27
2021,10,28,8.3114,8.3225,10.3613,2021-10-28
2021,10,29,7.1969,7.8444,6.6701,2021-10-29
2021,10,30,4.0342,7.7868,1.2502,2021-10-30
2021,10,31,7.2151,8.0357,6.5479,2021-10-31
2021,11,1,7.9411,8.1468,9.0756,2021-11-01
2021,11,2,7.6884,8.0813,8.267,2021-11-02
2021,11,3,6.3214,7.8984,4.8461,2021-11-03
2021,11,4,7.0152,7.9951,5.3508,2021-11-04
2021,11,5,3.1277,7.7234,0.7625,2021-11-05
2021,11,6,2.3028,7.7587,0.2983,2021-11-06
2021,11,7,5.8951,7.9831,3.0106,2021-11-07
2021,11,8,5.5586,8.1257,3.7006,2021-11-08
2021,11,9,7.7921,8.3004,7.4782,2021-11-09
2021,11,10,2.5025,8.3695,0.3559,2021-11-10
2021,11,11,7.3723,8.3599,6.5059,2021-11-11
2021,11,12,7.8187,8.3702,7.7052,2021-11-12
2021,11,13,7.2552,8.4185,5.0808,2021-11-13
2021,11,14,1.0152,8.0551,0.4037,2021-11-14
2021,11,15,7.4498,8.2128,6.5261,2021-11-15
2021,11,16,4.7357,7.8658,2.9462,2021-11-16
2021,11,17,2.3734,8.0664,0.5798,2021-11-17
2021,11,18,2.994,8.3366,0.5431,2021-11-18
2021,11,19,8.8601,8.9501,10.6337,2021-11-19
2021,11,20,8.9522,9.023,11.1415,2021-11-20
2021,11,21,8.724,8.8925,10.3097,2021-11-21
2021,11,22,8.5061,8.5682,9.6605,2021-11-22
2021,11,23,2.2742,8.4086,0.3674,2021-11-23
2021,11,24,5.7857,8.3731,3.9012,2021-11-24
2021,11,25,4.883,8.0609,3.0809,2021-11-25
2021,11,26,8.6266,8.7605,9.2069,2021-11-26
2021,11,27,8.9736,9.0086,10.9174,2021-11-27
2021,11,28,3.6497,8.2613,0.8786,2021-11-28
2021,11,29,8.6714,9.1111,9.5038,2021-11-29
2021,11,30,8.9628,9.0386,10.6397,2021-11-30
2021,12,1,8.9453,8.995,10.3646,2021-12-01
2021,12,2,8.7742,8.8901,9.9598,2021-12-02
2021,12,3,8.8913,9.0293,10.1993,2021-12-03
2021,12,4,8.5258,8.7372,8.6261,2021-12-04
2021,12,5,7.7242,8.5594,7.1462,2021-12-05
2021,12,6,7.7275,8.67,6.7042,2021-12-06
2021,12,7,8.5956,8.9095,9.1193,2021-12-07
2021,12,8,8.7019,8.9422,10.1508,2021-12-08
2021,12,9,8.8627,9.0658,10.675,2021-12-09
2021,12,10,8.3731,8.7281,7.416,2021-12-10
2021,12,11,3.901,8.0069,1.451,2021-12-11
2021,12,12,4.6469,8.0923,0.8374,2021-12-12
2021,12,13,2.0398,8.1139,0.6535,2021-12-13
2021,12,14,4.9442,8.371,2.2056,2021-12-14
2021,12,15,7.4232,8.6021,6.8582,2021-12-15
2021,12,16,8.7314,8.8027,9.7834,2021-12-16
2021,12,17,8.8987,9.0413,10.2828,2021-12-17
2021,12,18,8.5752,8.8608,9.312,2021-12-18
2021,12,19,8.4809,8.6522,9.2489,2021-12-19
2021,12,20,6.9014,8.5498,5.8925,2021-12-20
2021,12,21,6.911,8.5354,4.403,2021-12-21
2021,12,22,7.0039,8.4914,4.7057,2021-12-22
2021,12,23,8.5877,8.9021,9.4183,2021-12-23
2021,12,24,9.1877,9.3098,10.7854,2021-12-24
2021,12,25,8.4259,9.138,8.369,2021-12-25
2021,12,26,8.869,9.042,10.3178,2021-12-26
2021,12,27,9.1286,9.2398,10.404,2021-12-27
2021,12,28,8.107,9.0535,7.3613,2021-12-28
2021,12,29,8.5238,8.9518,8.4434,2021-12-29
2021,12,30,7.6097,8.5003,6.2515,2021-12-30
2021,12,31,8.3983,8.5123,8.472,2021-12-31
2022,1,1,8.7463,8.8174,9.876,2022-01-01
2022,1,2,5.1734,8.4,0.9732,2022-01-02
2022,1,3,2.4866,8.2423,0.4846,2022-01-03
2022,1,4,8.3227,8.4799,8.6899,2022-01-04
2022,1,5,6.7668,8.4672,5.238,2022-01-05
2022,1,6,8.4146,8.9088,8.7833,2022-01-06
2022,1,7,8.0789,8.85,8.2289,2022-01-07
2022,1,8,8.1413,8.5944,8.3926,2022-01-08
2022,1,9,7.2446,8.7341,7.2226,2022-01-09
2022,1,10,8.3424,8.6909,9.1817,2022-01-10
2022,1,11,8.8553,8.945,10.2322,2022-01-11
2022,1,12,8.6278,8.8666,9.7102,2022-01-12
2022,1,13,8.521,8.7602,9.6454,2022-01-13
2022,1,14,6.9948,8.3153,5.5435,2022-01-14
2022,1,15,7.6262,8.2778,7.3382,2022-01-15
2022,1,16,7.7916,8.3938,6.6578,2022-01-16
2022,1,17,8.1893,8.5697,8.3719,2022-01-17
2022,1,18,7.5197,8.6683,4.4573,2022-01-18
2022,1,19,7.8221,8.3162,7.1167,2022-01-19
2022,1,20,7.7342,8.202,6.9494,2022-01-20
2022,1,21,7.7446,8.3894,7.5098,2022-01-21
2022,1,22,7.9529,8.285,8.5982,2022-01-22
2022,1,23,8.1358,8.4144,9.0943,2022-01-23
2022,1,24,6.7994,8.2022,5.1902,2022-01-24
2022,1,25,5.7422,7.7551,3.1517,2022-01-25
2022,1,26,5.9414,7.7933,2.587,2022-01-26
2022,1,27,3.5114,7.1618,0.4265,2022-01-27
2022,1,28,7.3872,8.3004,7.056,2022-01-28
2022,1,29,8.5337,8.5726,10.289,2022-01-29
2022,1,30,8.1473,8.4929,8.7655,2022-01-30
2022,1,31,7.5991,8.226,7.0706,2022-01-31
2022,2,1,7.8137,8.2046,7.4316,2022-02-01
2022,2,2,7.133,7.9514,5.4271,2022-02-02
2022,2,3,5.4701,7.6858,3.0461,2022-02-03
2022,2,4,4.501,7.3728,1.4148,2022-02-04
2022,2,5,3.6257,7.5278,1.3366,2022-02-05
2022,2,6,8.2865,8.3664,9.3677,2022-02-06
2022,2,7,8.8042,8.8154,10.9642,2022-02-07
2022,2,8,8.3674,8.4514,9.829,2022-02-08
2022,2,9,7.9198,8.0414,7.8578,2022-02-09
2022,2,10,8.0412,8.1041,8.7672,2022-02-10
2022,2,11,7.6027,8.0309,8.184,2022-02-11
2022,2,12,5.1343,7.1066,2.5025,2022-02-12
2022,2,13,6.8309,7.71,4.9994,2022-02-13
2022,2,14,7.7138,7.8818,7.3606,2022-02-14
2022,2,15,7.8626,7.9193,8.5445,2022-02-15
2022,2,16,7.446,7.489,6.9653,2022-02-16
2022,2,17,3.9823,6.7507,1.0248,2022-02-17
2022,2,18,7.3205,7.6694,7.3051,2022-02-18
2022,2,19,5.646,6.8731,2.9386,2022-02-19
2022,2,20,3.2309,5.9035,0.6914,2022-02-20
2022,2,21,4.5826,7.1155,2.3424,2022-02-21
2022,2,22,6.7188,7.3932,5.5954,2022-02-22
2022,2,23,7.1974,7.4844,7.7114,2022-02-23
2022,2,24,7.1698,7.5516,7.747,2022-02-24
2022,2,25,6.4646,7.2454,5.0054,2022-02-25
2022,2,26,7.0721,7.4006,7.4594,2022-02-26
2022,2,27,7.2122,7.4695,8.3014,2022-02-27
2022,2,28,6.4027,7.255,5.6563,2022-02-28
2022,3,1,4.6548,6.8714,2.5267,2022-03-01
2022,3,2,5.6683,7.1251,4.5156,2022-03-02
2022,3,3,7.247,7.3469,8.3155,2022-03-03
2022,3,4,6.9811,7.3613,7.7225,2022-03-04
2022,3,5,7.0322,7.295,8.2872,2022-03-05
2022,3,6,5.2771,6.9595,1.7784,2022-03-06
2022,3,7,6.9132,7.1873,7.5295,2022-03-07
2022,3,8,5.5649,6.9089,3.6523,2022-03-08
2022,3,9,6.7085,7.0469,7.4335,2022-03-09
2022,3,10,4.9522,6.8599,2.634,2022-03-10
2022,3,11,2.2651,6.7397,0.51,2022-03-11
2022,3,12,6.787,7.0586,7.0572,2022-03-12
2022,3,13,7.086,7.1287,8.5807,2022-03-13
2022,3,14,7.2523,7.2866,9.0871,2022-03-14
2022,3,15,7.2689,7.2821,9.365,2022-03-15
2022,3,16,7.0368,7.0927,8.9424,2022-03-16
2022,3,17,7.0654,7.0915,9.0554,2022-03-17
2022,3,18,4.8485,6.6346,3.8995,2022-03-18
2022,3,19,6.125,6.8023,5.9734,2022-03-19
2022,3,20,6.8719,6.9365,8.495,2022-03-20
2022,3,21,6.7217,6.7354,8.6453,2022-03-21
2022,3,22,2.5958,6.2585,0.2592,2022-03-22
2022,3,23,2.4502,6.3377,1.1424,2022-03-23
2022,3,24,2.9563,6.2011,1.6154,2022-03-24
2022,3,25,6.8834,6.918,8.874,2022-03-25
2022,3,26,6.7236,6.7438,8.869,2022-03-26
2022,3,27,6.7344,6.7418,9.2285,2022-03-27
2022,3,28,6.6662,6.6754,9.0612,2022-03-28
2022,3,29,6.0742,6.3209,7.1928,2022-03-29
2022,3,30,3.0528,6.1087,1.3853,2022-03-30
2022,3,31,6.2076,6.588,7.3294,2022-03-31
2022,4,1,6.4392,6.4685,8.3374,2022-04-01
2022,4,2,4.464,5.8495,3.443,2022-04-02
2022,4,3,4.2389,5.7305,2.2488,2022-04-03
2022,4,4,2.4658,5.5747,0.7339,2022-04-04
2022,4,5,1.687,5.5006,0.4416,2022-04-05
2022,4,6,3.7853,5.5392,1.9289,2022-04-06
2022,4,7,2.7228,5.4463,1.1926,2022-04-07
2022,4,8,2.3201,5.6242,0.967,2022-04-08
2022,4,9,4.6982,5.5776,4.008,2022-04-09
2022,4,10,3.7354,5.5044,3.1258,2022-04-10
2022,4,11,4.296,5.3986,3.7846,2022-04-11
2022,4,12,2.8505,5.4598,1.3682,2022-04-12
2022,4,13,4.968,5.6083,5.0724,2022-04-13
2022,4,14,6.0271,6.0358,8.6902,2022-04-14
2022,4,15,6.0802,6.0857,9.115,2022-04-15
2022,4,16,5.1847,5.832,5.8219,2022-04-16
2022,4,17,5.4406,5.6167,6.9665,2022-04-17
2022,4,18,5.6465,5.6698,8.1322,2022-04-18
2022,4,19,5.6278,5.6345,8.2039,2022-04-19
2022,4,20,3.4481,5.2735,2.8702,2022-04-20
2022,4,21,2.0743,4.969,1.0524,2022-04-21
2022,4,22,4.2317,5.0314,3.9686,2022-04-22
2022,4,23,5.267,5.3042,7.3279,2022-04-23
2022,4,24,4.9738,5.0885,6.6058,2022-04-24
2022,4,25,4.9205,4.9762,6.4212,2022-04-25
2022,4,26,4.524,4.9764,4.0723,2022-04-26
2022,4,27,4.8101,4.9759,5.749,2022-04-27
2022,4,28,3.9756,4.7143,3.6689,2022-04-28
2022,4,29,0.9938,4.7138,0.1793,2022-04-29
2022,4,30,3.9348,4.7858,3.1661,2022-04-30
2022,5,1,3.167,4.6272,2.9254,2022-05-01
2022,5,2,1.007,4.53,0.1733,2022-05-02
2022,5,3,2.73,4.8454,2.082,2022-05-03
2022,5,4,4.2751,4.9558,5.0885,2022-05-04
2022,5,5,1.9354,4.8802,1.3934,2022-05-05
2022,5,6,4.5638,4.8854,6.1411,2022-05-06
2022,5,7,4.8862,4.9222,7.3716,2022-05-07
2022,5,8,4.8319,4.8641,7.313,2022-05-08
2022,5,9,1.9567,4.4666,1.2746,2022-05-09
2022,5,10,3.3326,4.4926,3.3602,2022-05-10
2022,5,11,4.5252,4.7414,6.1296,2022-05-11
2022,5,12,4.3145,4.7184,5.5294,2022-05-12
2022,5,13,4.6171,4.6296,7.0154,2022-05-13
2022,5,14,0.571,4.1443,0.2134,2022-05-14
2022,5,15,4.2326,4.5818,5.466,2022-05-15
2022,5,16,4.8283,4.8336,8.0069,2022-05-16
2022,5,17,4.613,4.866,6.9576,2022-05-17
2022,5,18,4.3834,4.7726,6.0173,2022-05-18
2022,5,19,3.2909,4.6502,2.5224,2022-05-19
2022,5,20,4.6692,4.679,7.8374,2022-05-20
2022,5,21,3.9886,4.4734,4.2559,2022-05-21
2022,5,22,3.497,4.2552,3.3864,2022-05-22
2022,5,23,4.3553,4.3586,6.9749,2022-05-23
2022,5,24,3.8952,4.1206,5.1319,2022-05-24
2022,5,25,2.9554,3.9895,3.0768,2022-05-25
2022,5,26,1.5079,3.6943,0.1517,2022-05-26
2022,5,27,1.1923,3.1814,0.1354,2022-05-27
2022,5,28,2.1929,3.6492,1.093,2022-05-28
2022,5,29,0.5652,3.9113,0.2047,2022-05-29
2022,5,30,2.1511,4.1494,1.8048,2022-05-30
2022,5,31,3.4327,4.3032,3.6775,2022-05-31
2022,6,1,1.6282,4.0046,0.1757,2022-06-01
2022,6,2,3.2978,4.1604,3.936,2022-06-02
2022,6,3,3.4397,4.2578,4.6615,2022-06-03
2022,6,4,1.9118,3.5729,0.8165,2022-06-04
2022,6,5,2.5601,3.726,1.9258,2022-06-05
2022,6,6,1.0008,3.5676,0.0641,2022-06-06
2022,6,7,1.523,3.7934,0.6914,2022-06-07
2022,6,8,1.1906,3.7937,0.1934,2022-06-08
2022,6,9,0.7034,3.5604,0.1903,2022-06-09
2022,6,10,2.4665,4.0118,2.0851,2022-06-10
2022,6,11,4.4482,4.4515,8.147,2022-06-11
2022,6,12,4.386,4.3908,8.0542,2022-06-12
2022,6,13,4.3572,4.3598,7.9051,2022-06-13
2022,6,14,4.2286,4.2324,7.3884,2022-06-14
2022,6,15,4.0346,4.0421,6.6595,2022-06-15
2022,6,16,2.3611,3.5095,2.0964,2022-06-16
2022,6,17,1.733,3.8167,2.4434,2022-06-17
2022,6,18,4.3116,4.3344,7.6536,2022-06-18
2022,6,19,3.5378,3.895,4.8446,2022-06-19
2022,6,20,3.7385,3.8381,5.5291,2022-06-20
2022,6,21,2.4773,3.3895,2.1288,2022-06-21
2022,6,22,0.8762,3.5083,0.3818,2022-06-22
2022,6,23,0.7982,3.7303,0.4913,2022-06-23
2022,6,24,1.5521,3.5854,0.8736,2022-06-24
2022,6,25,0.739,3.6379,0.2208,2022-06-25
2022,6,26,1.2787,3.6742,0.3358,2022-06-26
2022,6,27,3.3247,3.7217,4.1251,2022-06-27
2022,6,28,1.9368,3.5592,2.0966,2022-06-28
2022,6,29,4.2487,4.2703,7.2634,2022-06-29
2022,6,30,4.0512,4.0534,6.7325,2022-06-30
2022,7,1,3.683,3.7598,5.1874,2022-07-01
2022,7,2,2.7319,3.564,3.3134,2022-07-02
2022,7,3,3.337,3.6802,4.2595,2022-07-03
2022,7,4,3.1229,3.6461,2.4857,2022-07-04
2022,7,5,2.7382,3.5443,1.6106,2022-07-05
2022,7,6,2.8577,3.6802,1.483,2022-07-06
2022,7,7,3.013,3.5155,3.1104,2022-07-07
2022,7,8,2.4283,3.4656,1.6553,2022-07-08
2022,7,9,3.8369,3.8822,5.5454,2022-07-09
2022,7,10,2.9018,3.6154,1.7299,2022-07-10
2022,7,11,1.3507,3.6053,0.1193,2022-07-11
2022,7,12,3.7714,4.393,4.7422,2022-07-12
2022,7,13,3.4685,4.0778,5.0532,2022-07-13
2022,7,14,2.341,3.7565,2.0642,2022-07-14
2022,7,15,2.4852,3.6902,0.4022,2022-07-15
2022,7,16,0.8042,4.1654,0.7625,2022-07-16
2022,7,17,3.9113,4.5079,5.0834,2022-07-17
2022,7,18,1.3339,4.0915,1.0541,2022-07-18
2022,7,19,3.0862,4.0879,2.7487,2022-07-19
2022,7,20,3.9341,4.0798,5.2099,2022-07-20
2022,7,21,3.5275,4.1155,3.0266,2022-07-21
2022,7,22,3.8995,4.0634,4.6944,2022-07-22
2022,7,23,3.3374,4.0186,2.5346,2022-07-23
2022,7,24,3.7975,4.1378,3.702,2022-07-24
2022,7,25,4.0166,4.2065,5.4187,2022-07-25
2022,7,26,4.3351,4.3375,6.6607,2022-07-26
2022,7,27,3.737,4.1064,5.5037,2022-07-27
2022,7,28,3.3122,3.8203,3.0358,2022-07-28
2022,7,29,4.9032,4.9135,8.1958,2022-07-29
2022,7,30,4.7866,4.8379,7.5278,2022-07-30
2022,7,31,3.7735,4.4381,3.4186,2022-07-31
2022,8,1,3.5609,4.1527,3.479,2022-08-01
2022,8,2,3.6449,4.2406,3.7846,2022-08-02
2022,8,3,3.36,3.9809,3.1198,2022-08-03
2022,8,4,3.2482,4.1496,2.7706,2022-08-04
2022,8,5,4.2775,4.8492,5.1845,2022-08-05
2022,8,6,0.7891,3.8568,0.1056,2022-08-06
2022,8,7,2.2018,4.4789,0.6754,2022-08-07
2022,8,8,2.4653,4.4681,0.9437,2022-08-08
2022,8,9,2.0102,4.8727,0.8854,2022-08-09
2022,8,10,3.0156,5.1098,2.0705,2022-08-10
2022,8,11,5.0729,5.1744,7.5343,2022-08-11
2022,8,12,4.7945,5.0254,5.9911,2022-08-12
2022,8,13,3.762,4.6222,2.8056,2022-08-13
2022,8,14,4.3339,4.6558,5.1948,2022-08-14
2022,8,15,4.2394,4.4798,4.4834,2022-08-15
2022,8,16,3.8402,5.0189,3.5926,2022-08-16
2022,8,17,1.7486,3.925,0.5724,2022-08-17
2022,8,18,5.4103,5.5829,7.704,2022-08-18
2022,8,19,5.8296,5.843,9.1891,2022-08-19
2022,8,20,5.7293,5.7346,8.8322,2022-08-20
2022,8,21,5.521,5.5222,7.8821,2022-08-21
2022,8,22,4.8514,5.3527,6.0576,2022-08-22
2022,8,23,4.9622,5.1437,6.2078,2022-08-23
2022,8,24,5.1197,5.1845,6.5088,2022-08-24
2022,8,25,5.105,5.2613,6.6298,2022-08-25
2022,8,26,5.3563,5.3719,7.0279,2022-08-26
2022,8,27,5.0674,5.0815,5.905,2022-08-27
2022,8,28,2.2363,5.0071,0.6571,2022-08-28
2022,8,29,3.5942,5.5692,1.2348,2022-08-29
2022,8,30,4.9961,5.3263,5.1967,2022-08-30
2022,8,31,5.2078,5.3177,5.7218,2022-08-31
2022,9,1,4.577,4.9843,4.0073,2022-09-01
2022,9,2,1.8998,5.0942,0.7426,2022-09-02
2022,9,3,5.9472,6.1224,7.6687,2022-09-03
2022,9,4,3.1334,6.1078,1.7333,2022-09-04
2022,9,5,2.7516,5.8702,1.7177,2022-09-05
2022,9,6,5.7113,5.8147,6.1975,2022-09-06
2022,9,7,5.8754,5.8963,6.9178,2022-09-07
2022,9,8,4.1244,4.1618,2.8322,2022-09-08
2022,9,9,2.1535,3.1006,0.4675,2022-09-09
2022,9,10,5.8522,6.0235,6.2748,2022-09-10
2022,9,11,5.2747,5.7127,5.082,2022-09-11
2022,9,12,5.0662,6.095,5.0666,2022-09-12
2022,9,13,5.5368,6.2698,6.0823,2022-09-13
2022,9,14,6.3698,6.4198,7.6128,2022-09-14
2022,9,15,6.6732,6.691,8.8332,2022-09-15
2022,9,16,6.7834,6.834,9.0276,2022-09-16
2022,9,17,6.6574,6.6617,9.0149,2022-09-17
2022,9,18,5.3962,5.5409,4.7635,2022-09-18
2022,9,19,2.0345,5.3227,0.5227,2022-09-19
2022,9,20,4.2415,6.1054,2.6028,2022-09-20
2022,9,21,4.092,6.2719,2.6006,2022-09-21
2022,9,22,6.8263,7.0253,8.3189,2022-09-22
2022,9,23,6.7843,7.085,8.5524,2022-09-23
2022,9,24,4.0433,6.6391,2.874,2022-09-24
2022,9,25,3.3444,5.9294,0.9773,2022-09-25
2022,9,26,4.7446,6.1646,3.0161,2022-09-26
2022,9,27,1.865,6.2287,0.2998,2022-09-27
2022,9,28,3.3029,5.9986,0.7126,2022-09-28
2022,9,29,2.0242,6.6782,0.4188,2022-09-29
2022,9,30,2.1202,6.6581,0.3982,2022-09-30
2022,10,1,7.0855,7.2233,8.3386,2022-10-01
2022,10,2,7.1647,7.1846,8.6962,2022-10-02
2022,10,3,7.2634,7.3819,8.9436,2022-10-03
2022,10,4,7.494,7.5017,9.564,2022-10-04
2022,10,5,3.5278,5.8762,1.1119,2022-10-05
2022,10,6,2.221,6.4428,1.0061,2022-10-06
2022,10,7,7.3889,7.4633,8.8457,2022-10-07
2022,10,8,7.4191,7.4225,9.2006,2022-10-08
2022,10,9,1.9032,7.0584,0.3677,2022-10-09
2022,10,10,1.297,7.0805,0.1946,2022-10-10
2022,10,11,2.7989,7.3229,0.7219,2022-10-11
2022,10,12,7.3846,7.667,8.3575,2022-10-12
2022,10,13,3.5758,7.0728,1.3649,2022-10-13
2022,10,14,6.655,7.325,5.6875,2022-10-14
2022,10,15,5.8795,7.0512,4.5334,2022-10-15
2022,10,16,6.8515,7.2989,6.397,2022-10-16
2022,10,17,3.2424,7.0094,0.6262,2022-10-17
2022,10,18,6.4867,7.3613,5.7511,2022-10-18
2022,10,19,2.082,7.0855,0.3946,2022-10-19
2022,10,20,1.122,6.7795,0.2597,2022-10-20
2022,10,21,7.3001,7.6104,7.0183,2022-10-21
2022,10,22,7.7462,7.8298,8.8022,2022-10-22
2022,10,23,7.9094,7.9147,9.4826,2022-10-23
2022,10,24,7.9207,7.9262,9.5645,2022-10-24
2022,10,25,7.931,7.9399,9.6574,2022-10-25
2022,10,26,6.2935,7.5648,5.2318,2022-10-26
2022,10,27,6.2736,7.8473,5.699,2022-10-27
2022,10,28,6.9418,7.675,6.9262,2022-10-28
2022,10,29,6.438,7.5665,5.2567,2022-10-29
2022,10,30,5.9333,7.5005,4.2905,2022-10-30
2022,10,31,2.9818,7.6956,0.8429,2022-10-31
2022,11,1,7.9433,8.5106,8.8349,2022-11-01
2022,11,2,8.6964,8.705,11.2658,2022-11-02
2022,11,3,8.5387,8.5445,10.9754,2022-11-03
2022,11,4,8.4288,8.4377,10.4681,2022-11-04
2022,11,5,8.1036,8.2975,8.9616,2022-11-05
2022,11,6,8.0443,8.3107,8.928,2022-11-06
2022,11,7,7.4714,8.2697,6.8796,2022-11-07
2022,11,8,8.5375,8.5471,10.5115,2022-11-08
2022,11,9,8.3834,8.4012,9.5294,2022-11-09
2022,11,10,0.8746,6.7903,0.0852,2022-11-10
2022,11,11,7.5629,7.6663,6.3821,2022-11-11
2022,11,12,3.9281,7.6061,1.5062,2022-11-12
2022,11,13,4.4806,7.6829,1.361,2022-11-13
2022,11,14,8.1466,8.5397,9.017,2022-11-14
2022,11,15,8.659,8.6647,10.705,2022-11-15
2022,11,16,8.7202,8.735,10.6322,2022-11-16
2022,11,17,8.6484,8.6537,10.3913,2022-11-17
2022,11,18,8.6225,8.6321,10.3202,2022-11-18
2022,11,19,8.6134,8.6215,10.4489,2022-11-19
2022,11,20,5.1962,7.59,1.0886,2022-11-20
2022,11,21,1.9121,7.8684,0.5076,2022-11-21
2022,11,22,3.9614,8.3314,2.5733,2022-11-22
2022,11,23,8.9117,8.9208,10.9795,2022-11-23
2022,11,24,8.7986,8.8039,10.9934,2022-11-24
2022,11,25,8.7931,8.7986,10.9123,2022-11-25
2022,11,26,8.7895,8.8025,10.8425,2022-11-26
2022,11,27,8.3786,8.4866,9.4805,2022-11-27
2022,11,28,8.3705,8.4982,9.6761,2022-11-28
2022,11,29,8.3962,8.5913,9.6338,2022-11-29
2022,11,30,8.016,8.4989,8.4919,2022-11-30
2022,12,1,6.4927,8.4101,5.1463,2022-12-01
2022,12,2,4.734,8.225,2.0299,2022-12-02
2022,12,3,6.1546,8.2954,4.3594,2022-12-03
2022,12,4,8.1629,8.5872,8.677,2022-12-04
2022,12,5,8.3026,8.5994,9.1241,2022-12-05
2022,12,6,8.2301,8.5003,8.789,2022-12-06
2022,12,7,8.273,8.471,8.6136,2022-12-07
2022,12,8,7.728,8.2872,7.0034,2022-12-08
2022,12,9,7.4474,8.0801,5.6719,2022-12-09
2022,12,10,5.868,8.1749,2.0182,2022-12-10
2022,12,11,5.5327,8.1722,2.2442,2022-12-11
2022,12,12,5.724,8.1677,2.8944,2022-12-12
2022,12,13,8.525,8.7348,9.0089,2022-12-13
2022,12,14,9.0398,9.0475,11.0441,2022-12-14
2022,12,15,7.9826,8.7595,7.6058,2022-12-15
2022,12,16,8.4686,8.6978,8.7091,2022-12-16
2022,12,17,7.6296,8.6897,6.7884,2022-12-17
2022,12,18,7.259,8.5397,5.1934,2022-12-18
2022,12,19,7.9344,8.5548,7.2518,2022-12-19
2022,12,20,8.1533,8.7223,7.9958,2022-12-20
2022,12,21,8.3496,8.7218,8.3422,2022-12-21
2022,12,22,8.1977,8.7101,8.6762,2022-12-22
2022,12,23,8.3201,8.7,8.0292,2022-12-23
2022,12,24,5.2402,8.1346,0.9139,2022-12-24
2022,12,25,7.441,8.4101,6.2402,2022-12-25
2022,12,26,7.9798,8.4799,7.3639,2022-12-26
2022,12,27,5.1449,8.2646,2.6777,2022-12-27
2022,12,28,8.569,8.8442,9.1786,2022-12-28
2022,12,29,8.1996,8.5879,8.0306,2022-12-29
2022,12,30,8.5603,8.6993,8.8814,2022-12-30
2022,12,31,8.5949,8.6311,9.5546,2022-12-31
2023,1,1,8.2879,8.4444,8.3765,2023-01-01
2023,1,2,2.4941,8.0556,0.0254,2023-01-02
2023,1,3,1.3862,8.3882,0.2117,2023-01-03
2023,1,4,8.6748,8.7828,9.0852,2023-01-04
2023,1,5,8.6395,8.7581,9.276,2023-01-05
2023,1,6,8.574,8.7158,9.7454,2023-01-06
2023,1,7,8.4074,8.7646,9.2215,2023-01-07
2023,1,8,7.6596,8.5829,7.367,2023-01-08
2023,1,9,6.8688,8.4454,5.1504,2023-01-09
2023,1,10,7.9747,8.4929,7.567,2023-01-10
2023,1,11,8.2723,8.5236,8.6676,2023-01-11
2023,1,12,7.2636,8.238,5.3246,2023-01-12
2023,1,13,3.0511,8.1679,0.5582,2023-01-13
2023,1,14,7.0721,8.1914,4.6058,2023-01-14
2023,1,15,8.226,8.6431,8.2706,2023-01-15
2023,1,16,8.3556,8.4982,8.8265,2023-01-16
2023,1,17,8.3134,8.531,9.0492,2023-01-17
2023,1,18,7.519,8.2428,7.176,2023-01-18
2023,1,19,8.2445,8.3638,8.9818,2023-01-19
2023,1,20,8.3302,8.4598,9.6456,2023-01-20
2023,1,21,7.9339,8.3251,7.8965,2023-01-21
2023,1,22,4.6044,8.1122,2.2901,2023-01-22
2023,1,23,7.7808,8.4096,7.1789,2023-01-23
2023,1,24,8.2378,8.4449,8.4792,2023-01-24
2023,1,25,7.891,8.3426,7.829,2023-01-25
2023,1,26,7.4201,8.1778,6.9286,2023-01-26
2023,1,27,8.3234,8.3609,9.7704,2023-01-27
2023,1,28,6.2462,8.0794,4.1974,2023-01-28
2023,1,29,6.0379,7.8761,4.302,2023-01-29
2023,1,30,3.0857,7.7722,1.2427,2023-01-30
2023,1,31,6.7404,8.0086,5.9076,2023-01-31
2023,2,1,7.7417,8.2186,8.4139,2023-02-01
2023,2,2,7.0387,7.9682,6.185,2023-02-02
2023,2,3,5.3062,7.8581,1.9843,2023-02-03
2023,2,4,7.5257,8.1922,7.6555,2023-02-04
2023,2,5,6.8717,8.0402,5.2344,2023-02-05
2023,2,6,7.1261,7.9805,6.0413,2023-02-06
2023,2,7,7.2809,7.8485,6.5494,2023-02-07
2023,2,8,7.4148,7.7335,6.8119,2023-02-08
2023,2,9,5.3098,7.6822,3.1997,2023-02-09
2023,2,10,6.9725,7.6944,5.9822,2023-02-10
2023,2,11,7.6901,7.937,7.8864,2023-02-11
2023,2,12,7.5814,8.0436,7.8358,2023-02-12
2023,2,13,7.1333,7.7772,7.1774,2023-02-13
2023,2,14,6.1555,7.6339,4.1402,2023-02-14
2023,2,15,5.699,7.698,2.7082,2023-02-15
2023,2,16,6.7337,7.7117,5.9508,2023-02-16
2023,2,17,4.884,7.9327,3.2508,2023-02-17
2023,2,18,7.9063,8.0479,7.8718,2023-02-18
2023,2,19,5.921,7.866,2.6767,2023-02-19
2023,2,20,6.7466,7.5545,6.6101,2023-02-20
2023,2,21,7.273,7.727,6.9578,2023-02-21
2023,2,22,6.0266,7.4686,3.9048,2023-02-22
2023,2,23,3.066,7.3598,0.5525,2023-02-23
2023,2,24,6.1627,7.3022,5.0011,2023-02-24
2023,2,25,6.7846,7.3846,5.9923,2023-02-25
2023,2,26,3.569,7.0044,0.5266,2023-02-26
2023,2,27,4.9973,7.2581,3.5165,2023-02-27
2023,2,28,5.5574,7.3145,3.5582,2023-02-28
2023,3,1,3.3809,7.2012,1.4712,2023-03-01
2023,3,2,3.271,6.8935,0.529,2023-03-02
2023,3,3,4.9937,7.187,4.319,2023-03-03
2023,3,4,6.5258,7.2706,6.8928,2023-03-04
2023,3,5,7.2965,7.3882,8.851,2023-03-05
2023,3,6,7.5197,7.536,9.4829,2023-03-06
2023,3,7,3.2206,7.3399,0.8186,2023-03-07
2023,3,8,5.634,6.8333,3.7834,2023-03-08
2023,3,9,5.3074,6.9252,3.313,2023-03-09
2023,3,10,6.6463,6.9859,7.3322,2023-03-10
2023,3,11,6.9996,7.1213,8.4216,2023-03-11
2023,3,12,6.318,6.845,6.8609,2023-03-12
2023,3,13,6.0024,6.6725,5.766,2023-03-13
2023,3,14,5.6045,6.6446,4.625,2023-03-14
2023,3,15,2.5039,6.3766,0.6096,2023-03-15
2023,3,16,4.146,6.4421,1.8276,2023-03-16
2023,3,17,5.19,6.4999,3.8743,2023-03-17
2023,3,18,6.3686,6.6002,7.1657,2023-03-18
2023,3,19,6.5897,6.666,8.0203,2023-03-19
2023,3,20,6.0521,6.6019,6.8846,2023-03-20
2023,3,21,6.3617,6.6122,7.4014,2023-03-21
2023,3,22,5.9748,6.4934,6.479,2023-03-22
2023,3,23,5.645,6.4373,5.7266,2023-03-23
2023,3,24,5.6856,6.3221,5.5711,2023-03-24
2023,3,25,5.2049,6.197,3.6295,2023-03-25
2023,3,26,5.1408,6.4709,2.7938,2023-03-26
2023,3,27,6.599,6.623,8.6371,2023-03-27
2023,3,28,5.8025,6.3017,5.3554,2023-03-28
2023,3,29,6.0091,6.2338,7.3073,2023-03-29
2023,3,30,0.9564,6.0475,0.5762,2023-03-30
2023,3,31,6.1428,6.2148,7.8876,2023-03-31
2023,4,1,5.3057,6.1229,5.6446,2023-04-01
2023,4,2,6.3319,6.3365,8.6976,2023-04-02
2023,4,3,6.1519,6.1884,8.2517,2023-04-03
2023,4,4,3.7298,5.8392,0.7332,2023-04-04
2023,4,5,2.1523,5.7684,0.3614,2023-04-05
2023,4,6,1.8257,5.689,0.2278,2023-04-06
2023,4,7,3.7128,5.941,3.2006,2023-04-07
2023,4,8,6.0581,6.0862,8.3599,2023-04-08
2023,4,9,5.9868,6.0691,8.227,2023-04-09
2023,4,10,5.3657,5.826,6.6149,2023-04-10
2023,4,11,5.8786,5.8901,8.3489,2023-04-11
2023,4,12,5.3069,5.6842,6.5354,2023-04-12
2023,4,13,0.6919,5.2313,0.1445,2023-04-13
2023,4,14,1.8898,5.3496,1.5934,2023-04-14
2023,4,15,4.021,5.467,3.6245,2023-04-15
2023,4,16,1.8233,5.2253,0.395,2023-04-16
2023,4,17,1.6567,5.3086,0.3355,2023-04-17
2023,4,18,4.927,5.5056,5.0594,2023-04-18
2023,4,19,5.1067,5.6628,6.5832,2023-04-19
2023,4,20,5.7864,5.7912,8.3885,2023-04-20
2023,4,21,5.706,5.7101,8.6282,2023-04-21
2023,4,22,5.5003,5.5186,7.9116,2023-04-22
2023,4,23,5.5109,5.5202,8.2255,2023-04-23
2023,4,24,3.7718,5.1082,3.3394,2023-04-24
2023,4,25,1.1616,5.04,0.2297,2023-04-25
2023,4,26,4.0418,5.1458,4.0829,2023-04-26
2023,4,27,4.4098,5.1929,5.3342,2023-04-27
2023,4,28,5.1936,5.2313,7.5022,2023-04-28
2023,4,29,5.1266,5.1629,7.705,2023-04-29
2023,4,30,4.9726,4.9802,7.2797,2023-04-30
2023,5,1,2.4034,4.4923,1.1642,2023-05-01
2023,5,2,1.1688,4.6272,0.5902,2023-05-02
2023,5,3,2.0969,4.7875,2.3602,2023-05-03
2023,5,4,1.145,4.5797,0.7721,2023-05-04
2023,5,5,1.1479,4.4983,0.1526,2023-05-05
2023,5,6,1.3018,4.3658,0.0305,2023-05-06
2023,5,7,0.5386,4.2655,0.0703,2023-05-07
2023,5,8,3.4157,4.8026,1.1626,2023-05-08
2023,5,9,4.9687,5.0172,7.6164,2023-05-09
2023,5,10,4.9999,5.0179,8.1744,2023-05-10
2023,5,11,4.8343,4.8458,7.6639,2023-05-11
2023,5,12,4.8204,4.8521,7.6862,2023-05-12
2023,5,13,4.8338,4.8396,7.8098,2023-05-13
2023,5,14,4.8154,4.8226,7.8826,2023-05-14
2023,5,15,4.8055,4.8106,7.9702,2023-05-15
2023,5,16,4.735,4.7407,7.8086,2023-05-16
2023,5,17,4.1215,4.6536,4.4945,2023-05-17
2023,5,18,4.433,4.4364,6.8326,2023-05-18
2023,5,19,4.1534,4.3224,5.5174,2023-05-19
2023,5,20,0.5914,4.0829,0.0886,2023-05-20
2023,5,21,0.1896,3.9396,0.1082,2023-05-21
2023,5,22,4.0894,4.1395,5.753,2023-05-22
2023,5,23,4.1287,4.1364,6.0631,2023-05-23
2023,5,24,4.2374,4.2406,6.6499,2023-05-24
2023,5,25,4.1976,4.2331,6.6377,2023-05-25
2023,5,26,2.85,3.949,1.1316,2023-05-26
2023,5,27,2.5291,3.6312,1.8744,2023-05-27
2023,5,28,1.1407,3.9994,0.3192,2023-05-28
2023,5,29,3.7798,4.1983,5.2301,2023-05-29
2023,5,30,2.1754,3.9706,1.1201,2023-05-30
2023,5,31,2.6177,3.9842,2.1588,2023-05-31
2023,6,1,3.5746,4.0306,4.6361,2023-06-01
2023,6,2,4.1112,4.1203,6.611,2023-06-02
2023,6,3,4.0325,4.0934,6.318,2023-06-03
2023,6,4,3.803,3.984,5.3064,2023-06-04
2023,6,5,2.1631,3.9036,1.2648,2023-06-05
2023,6,6,3.9446,3.9466,6.2635,2023-06-06
2023,6,7,4.0073,4.009,6.6946,2023-06-07
2023,6,8,4.0817,4.0865,6.8774,2023-06-08
2023,6,9,3.9574,3.9607,6.5215,2023-06-09
2023,6,10,2.4218,3.6516,1.7782,2023-06-10
2023,6,11,1.6442,3.8633,0.6823,2023-06-11
2023,6,12,1.7342,4.1314,0.6756,2023-06-12
2023,6,13,2.2423,4.1477,1.9282,2023-06-13
2023,6,14,1.6138,3.9689,0.2722,2023-06-14
2023,6,15,1.2108,3.9871,0.3559,2023-06-15
2023,6,16,1.2026,3.9384,0.5326,2023-06-16
2023,6,17,2.4144,3.9842,1.8254,2023-06-17
2023,6,18,3.8695,4.0786,5.6998,2023-06-18
2023,6,19,3.7186,3.9566,5.5186,2023-06-19
2023,6,20,2.8651,3.6814,3.2671,2023-06-20
2023,6,21,2.6856,3.5878,2.1974,2023-06-21
2023,6,22,2.19,3.4442,1.2559,2023-06-22
2023,6,23,3.0739,3.5741,3.391,2023-06-23
2023,6,24,3.7985,3.8009,5.9198,2023-06-24
2023,6,25,3.5491,3.7104,4.8919,2023-06-25
2023,6,26,3.655,3.8402,5.2702,2023-06-26
2023,6,27,3.9775,3.9828,6.5914,2023-06-27
2023,6,28,3.2177,3.6036,3.9151,2023-06-28
2023,6,29,2.3765,3.755,2.076,2023-06-29
2023,6,30,3.8806,3.9077,6.1284,2023-06-30
2023,7,1,3.8014,3.907,5.6208,2023-07-01
2023,7,2,4.0625,4.0649,6.7913,2023-07-02
2023,7,3,3.9511,3.9564,6.3343,2023-07-03
2023,7,4,3.6262,3.9211,5.1127,2023-07-04
2023,7,5,2.4835,3.7522,2.6578,2023-07-05
2023,7,6,3.3538,3.7207,3.8482,2023-07-06
2023,7,7,2.2858,3.4349,1.5449,2023-07-07
2023,7,8,2.0993,3.2839,0.9842,2023-07-08
2023,7,9,2.2339,3.4075,1.1952,2023-07-09
2023,7,10,1.8434,3.0526,0.2945,2023-07-10
2023,7,11,2.4386,3.5369,1.957,2023-07-11
2023,7,12,1.0939,3.4433,0.6238,2023-07-12
2023,7,13,1.4995,4.2965,1.3512,2023-07-13
2023,7,14,3.6158,4.3973,4.8242,2023-07-14
2023,7,15,3.4776,4.1918,4.2439,2023-07-15
2023,7,16,3.5609,4.129,4.5283,2023-07-16
2023,7,17,2.8685,4.3027,1.4832,2023-07-17
2023,7,18,4.4467,4.4983,7.3416,2023-07-18
2023,7,19,4.368,4.3807,7.0188,2023-07-19
2023,7,20,3.3214,3.9058,3.3989,2023-07-20
2023,7,21,4.0891,4.1258,5.8426,2023-07-21
2023,7,22,4.2024,4.2048,6.4154,2023-07-22
2023,7,23,3.9922,4.073,5.3496,2023-07-23
2023,7,24,3.1027,3.9425,2.3033,2023-07-24
2023,7,25,1.9618,3.8016,0.2719,2023-07-25
2023,7,26,3.534,3.9739,3.517,2023-07-26
2023,7,27,1.5336,4.128,0.413,2023-07-27
2023,7,28,1.5869,4.3421,0.5827,2023-07-28
2023,7,29,4.6262,4.6301,7.6466,2023-07-29
2023,7,30,4.2886,4.4506,5.9887,2023-07-30
2023,7,31,4.3987,4.4534,6.4476,2023-07-31
2023,8,1,4.571,4.5734,7.1203,2023-08-01
2023,8,2,4.6255,4.6277,7.1815,2023-08-02
2023,8,3,4.5312,4.5331,6.7814,2023-08-03
2023,8,4,4.5523,4.5574,6.6521,2023-08-04
2023,8,5,4.6058,4.6111,6.7082,2023-08-05
2023,8,6,4.5598,4.5684,6.5006,2023-08-06
2023,8,7,3.5364,4.0877,3.2513,2023-08-07
2023,8,8,1.5053,4.0438,0.2746,2023-08-08
2023,8,9,2.2579,4.5341,0.8873,2023-08-09
2023,8,10,4.0442,4.4597,4.3409,2023-08-10
2023,8,11,3.78,4.3961,2.7456,2023-08-11
2023,8,12,4.457,4.9642,5.0434,2023-08-12
2023,8,13,3.6454,5.1192,1.3531,2023-08-13
2023,8,14,4.8314,4.9742,6.1462,2023-08-14
2023,8,15,4.8048,4.8137,6.4375,2023-08-15
2023,8,16,4.8389,4.8425,6.4826,2023-08-16
2023,8,17,4.9034,4.9284,6.5074,2023-08-17
2023,8,18,0.9739,4.2658,0.2849,2023-08-18
2023,8,19,3.4313,5.311,2.453,2023-08-19
2023,8,20,4.4914,5.075,5.2706,2023-08-20
2023,8,21,4.9574,4.9786,6.0862,2023-08-21
2023,8,22,4.9874,4.9992,5.9249,2023-08-22
2023,8,23,4.7594,4.8252,4.7611,2023-08-23
2023,8,24,1.4899,4.9646,0.0641,2023-08-24
2023,8,25,4.1328,5.4629,4.1155,2023-08-25
2023,8,26,5.8121,5.8226,8.4166,2023-08-26
2023,8,27,5.8999,5.9086,8.5714,2023-08-27
2023,8,28,5.4842,5.7175,7.5406,2023-08-28
2023,8,29,4.7038,5.2579,4.421,2023-08-29
2023,8,30,5.2874,5.3522,5.9988,2023-08-30
2023,8,31,4.5778,4.9226,4.153,2023-08-31
2023,9,1,4.1186,4.4791,2.8282,2023-09-01
2023,9,2,3.727,4.8334,2.5666,2023-09-02
2023,9,3,3.2654,4.7544,1.639,2023-09-03
2023,9,4,2.7972,5.3815,2.009,2023-09-04
2023,9,5,3.0883,5.7163,1.2094,2023-09-05
2023,9,6,3.4908,5.0616,1.253,2023-09-06
2023,9,7,3.761,4.9673,1.8451,2023-09-07
2023,9,8,1.9332,4.709,1.1801,2023-09-08
2023,9,9,3.0619,5.7742,0.841,2023-09-09
2023,9,10,5.3011,5.4677,5.1324,2023-09-10
2023,9,11,5.8447,5.9035,6.9749,2023-09-11
2023,9,12,4.4995,5.4778,3.5114,2023-09-12
2023,9,13,1.7875,5.6314,0.3787,2023-09-13
2023,9,14,6.5136,6.6941,8.353,2023-09-14
2023,9,15,6.6206,6.6828,8.7845,2023-09-15
2023,9,16,6.3233,6.3281,7.9709,2023-09-16
2023,9,17,5.953,5.9614,6.8426,2023-09-17
2023,9,18,4.7515,5.4199,3.8573,2023-09-18
2023,9,19,3.9528,5.5214,2.4665,2023-09-19
2023,9,20,4.8586,5.7624,4.1383,2023-09-20
2023,9,21,5.7814,5.8546,5.7806,2023-09-21
2023,9,22,5.9513,5.9638,6.2695,2023-09-22
2023,9,23,5.9486,6.0307,6.2813,2023-09-23
2023,9,24,5.6786,5.8138,5.37,2023-09-24
2023,9,25,5.5258,5.7778,4.9687,2023-09-25
2023,9,26,5.1967,5.5824,4.1335,2023-09-26
2023,9,27,3.029,6.7054,2.3911,2023-09-27
2023,9,28,6.4404,6.8664,6.985,2023-09-28
2023,9,29,5.8366,6.7968,5.4408,2023-09-29
2023,9,30,3.9317,6.6127,2.1197,2023-09-30
2023,10,1,6.793,6.894,7.8962,2023-10-01
2023,10,2,7.0046,7.0097,8.4967,2023-10-02
2023,10,3,5.472,6.2434,4.1155,2023-10-03
2023,10,4,1.0548,6.6307,0.1826,2023-10-04
2023,10,5,4.3586,7.0639,3.3958,2023-10-05
2023,10,6,2.5774,5.7826,0.7862,2023-10-06
2023,10,7,1.3135,5.8123,0.1267,2023-10-07
2023,10,8,6.5479,7.2302,5.4998,2023-10-08
2023,10,9,7.668,7.674,9.9384,2023-10-09
2023,10,10,7.1398,7.145,8.0345,2023-10-10
2023,10,11,4.8898,5.8123,3.083,2023-10-11
2023,10,12,2.1739,6.9374,0.3187,2023-10-12
2023,10,13,7.295,7.6752,8.052,2023-10-13
2023,10,14,7.0366,7.4366,7.1263,2023-10-14
2023,10,15,6.3334,6.7781,5.4365,2023-10-15
2023,10,16,6.6991,7.0193,6.3331,2023-10-16
2023,10,17,5.635,6.4565,4.0044,2023-10-17
2023,10,18,5.1953,6.33,2.4322,2023-10-18
2023,10,19,4.6726,6.0926,1.6442,2023-10-19
2023,10,20,5.3102,6.7272,2.5392,2023-10-20
2023,10,21,6.793,6.8244,5.6899,2023-10-21
2023,10,22,6.8594,7.0289,6.0372,2023-10-22
2023,10,23,4.1196,5.8694,0.9799,2023-10-23
2023,10,24,1.8991,5.9002,0.0922,2023-10-24
2023,10,25,4.4134,7.3195,1.5686,2023-10-25
2023,10,26,3.8477,7.2334,1.5,2023-10-26
2023,10,27,3.6307,5.7521,0.486,2023-10-27
2023,10,28,2.6062,6.0017,0.3478,2023-10-28
2023,10,29,7.285,7.4928,6.4891,2023-10-29
2023,10,30,4.561,7.3469,2.7554,2023-10-30
2023,10,31,6.8431,7.3951,5.3426,2023-10-31
2023,11,1,6.1013,7.543,4.2029,2023-11-01
2023,11,2,4.4662,7.0541,2.1358,2023-11-02
2023,11,3,5.9794,8.0779,5.1216,2023-11-03
2023,11,4,8.4665,8.491,9.9394,2023-11-04
2023,11,5,8.328,8.3352,9.5599,2023-11-05
2023,11,6,8.1348,8.1394,9.2582,2023-11-06
2023,11,7,7.5072,7.5317,6.3955,2023-11-07
2023,11,8,6.6965,7.1146,4.4258,2023-11-08
2023,11,9,3.869,6.7025,1.6594,2023-11-09
2023,11,10,7.0802,7.1244,5.371,2023-11-10
2023,11,11,7.3673,7.4237,6.1298,2023-11-11
2023,11,12,6.6372,6.9108,4.2379,2023-11-12
2023,11,13,3.9161,6.1334,0.6341,2023-11-13
2023,11,14,0.9245,5.5114,0.0809,2023-11-14
2023,11,15,5.7691,6.4524,2.8879,2023-11-15
2023,11,16,4.2487,6.1752,0.5496,2023-11-16
2023,11,17,4.4465,6.4752,0.3074,2023-11-17
2023,11,18,3.973,7.3918,1.3145,2023-11-18
2023,11,19,7.9572,7.9855,7.3891,2023-11-19
2023,11,20,5.0861,6.8006,0.8609,2023-11-20
2023,11,21,6.2669,6.7577,2.9993,2023-11-21
2023,11,22,4.41,6.9924,1.2497,2023-11-22
2023,11,23,1.7294,6.8554,0.1874,2023-11-23
2023,11,24,5.3014,7.8706,2.717,2023-11-24
2023,11,25,4.8154,8.1672,4.405,2023-11-25
2023,11,26,4.0241,7.9654,1.1897,2023-11-26
2023,11,27,0.8906,7.9606,0.1524,2023-11-27
2023,11,28,4.0008,8.077,2.2608,2023-11-28
2023,11,29,8.0815,8.2006,8.2116,2023-11-29
2023,11,30,6.882,7.9066,3.9288,2023-11-30
2023,12,1,7.8168,8.0126,7.2254,2023-12-01
2023,12,2,5.6155,8.0249,3.1601,2023-12-02
2023,12,3,5.4667,7.992,3.2496,2023-12-03
2023,12,4,3.2688,7.6908,0.3576,2023-12-04
2023,12,5,5.4778,8.0436,2.9597,2023-12-05
2023,12,6,6.432,8.071,4.7832,2023-12-06
2023,12,7,3.2446,7.9723,0.9646,2023-12-07
2023,12,8,8.0988,8.5836,7.7731,2023-12-08
2023,12,9,7.3918,8.3129,7.0274,2023-12-09
2023,12,10,3.6778,8.279,1.063,2023-12-10
2023,12,11,8.3614,8.7598,9.0835,2023-12-11
2023,12,12,8.082,8.3928,8.2435,2023-12-12
2023,12,13,7.7527,8.2577,6.7445,2023-12-13
2023,12,14,5.5939,8.1012,1.1866,2023-12-14
2023,12,15,6.7718,8.1024,4.5089,2023-12-15
2023,12,16,8.1065,8.2229,8.154,2023-12-16
2023,12,17,8.0006,8.3482,7.4969,2023-12-17
2023,12,18,7.9886,8.2654,7.1088,2023-12-18
2023,12,19,3.7279,7.7734,0.1649,2023-12-19
2023,12,20,3.8153,8.1098,2.0448,2023-12-20
2023,12,21,5.9234,8.2706,4.8898,2023-12-21
2023,12,22,6.7229,8.2418,4.8158,2023-12-22
2023,12,23,2.3105,8.1509,0.6866,2023-12-23
2023,12,24,1.0183,8.0213,0.2621,2023-12-24
2023,12,25,1.3082,8.0618,0.0816,2023-12-25
2023,12,26,7.4129,8.4828,5.7434,2023-12-26
2023,12,27,8.754,8.8123,9.6806,2023-12-27
2023,12,28,8.4535,8.4682,9.4826,2023-12-28
2023,12,29,3.0482,8.2426,0.4738,2023-12-29
2023,12,30,6.9454,8.4838,3.7562,2023-12-30
2023,12,31,8.2884,8.5877,8.0563,2023-12-31
2024,1,1,6.2573,8.2738,4.3982,2024-01-01
2024,1,2,5.7734,8.292,3.6079,2024-01-02
2024,1,3,8.329,8.5382,8.6918,2024-01-03
2024,1,4,8.3582,8.5711,8.8956,2024-01-04
2024,1,5,8.5615,8.6117,9.8251,2024-01-05
2024,1,6,8.6297,8.6376,10.165,2024-01-06
2024,1,7,7.8698,8.3782,7.1964,2024-01-07
2024,1,8,7.8612,8.431,7.6702,2024-01-08
2024,1,9,8.0755,8.352,8.3585,2024-01-09
2024,1,10,6.7118,8.1274,4.1796,2024-01-10
2024,1,11,1.8809,8.0119,0.1824,2024-01-11
2024,1,12,6.4094,8.3446,4.3735,2024-01-12
2024,1,13,8.1142,8.3042,8.7142,2024-01-13
2024,1,14,7.89,8.2877,8.3009,2024-01-14
2024,1,15,6.2102,8.1058,2.9978,2024-01-15
2024,1,16,8.0772,8.2142,8.622,2024-01-16
2024,1,17,6.7039,7.9399,4.0836,2024-01-17
2024,1,18,7.0418,8.0141,6.6607,2024-01-18
2024,1,19,4.9452,7.9236,3.2335,2024-01-19
2024,1,20,7.2396,8.1667,6.8606,2024-01-20
2024,1,21,7.3126,8.2534,6.5568,2024-01-21
2024,1,22,6.9732,8.315,5.766,2024-01-22
2024,1,23,7.2533,8.4346,7.1993,2024-01-23
2024,1,24,7.6644,8.5327,8.4175,2024-01-24
2024,1,25,8.5546,8.6549,10.3022,2024-01-25
2024,1,26,8.0863,8.4785,9.1622,2024-01-26
2024,1,27,8.1552,8.453,9.0787,2024-01-27
2024,1,28,8.1742,8.4026,9.1056,2024-01-28
2024,1,29,8.2618,8.3614,9.3785,2024-01-29
2024,1,30,8.2841,8.3573,9.539,2024-01-30
2024,1,31,8.1454,8.257,9.1198,2024-01-31
2024,2,1,7.5586,8.1091,7.4712,2024-02-01
2024,2,2,7.3049,8.075,6.2496,2024-02-02
2024,2,3,8.0342,8.2013,9.1154,2024-02-03
2024,2,4,6.0763,7.9745,2.701,2024-02-04
2024,2,5,7.6543,8.0342,7.6685,2024-02-05
2024,2,6,7.0562,7.9541,5.3966,2024-02-06
2024,2,7,7.2415,7.715,6.8366,2024-02-07
2024,2,8,6.2508,7.6121,4.3819,2024-02-08
2024,2,9,5.4677,7.4875,3.0211,2024-02-09
2024,2,10,5.8954,7.3541,2.7276,2024-02-10
2024,2,11,6.3065,7.573,4.2746,2024-02-11
2024,2,12,6.3583,7.5245,4.9282,2024-02-12
2024,2,13,1.5041,7.1894,0.1195,2024-02-13
2024,2,14,3.5484,7.5895,2.8608,2024-02-14
2024,2,15,2.6664,7.5506,0.655,2024-02-15
2024,2,16,7.5559,7.963,7.6944,2024-02-16
2024,2,17,7.4635,7.8358,8.077,2024-02-17
2024,2,18,7.205,7.7546,7.0162,2024-02-18
2024,2,19,6.9502,7.7148,7.0094,2024-02-19
2024,2,20,6.893,7.6536,7.1402,2024-02-20
2024,2,21,7.1491,7.7208,7.8919,2024-02-21
2024,2,22,6.7438,7.6308,6.5719,2024-02-22
2024,2,23,3.8914,7.3546,2.4751,2024-02-23
2024,2,24,5.7523,7.2187,2.8498,2024-02-24
2024,2,25,6.1006,7.039,4.379,2024-02-25
2024,2,26,5.2822,7.183,3.2364,2024-02-26
2024,2,27,3.5414,7.1858,1.3272,2024-02-27
2024,2,28,6.5268,7.1729,5.8747,2024-02-28
2024,2,29,5.2366,6.9977,3.689,2024-02-29
2024,3,1,6.5599,7.1734,6.5378,2024-03-01
2024,3,2,7.0392,7.303,8.0316,2024-03-02
2024,3,3,3.6209,7.151,0.2206,2024-03-03
2024,3,4,3.667,6.6994,1.0368,2024-03-04
2024,3,5,4.1882,6.9715,1.835,2024-03-05
2024,3,6,6.6173,7.0934,6.9737,2024-03-06
2024,3,7,5.051,6.8839,3.7862,2024-03-07
2024,3,8,5.8694,6.8875,5.5817,2024-03-08
2024,3,9,5.8798,6.8755,5.1667,2024-03-09
2024,3,10,5.4346,6.6583,2.795,2024-03-10
2024,3,11,6.4992,6.7814,6.4039,2024-03-11
2024,3,12,6.6677,6.936,7.5686,2024-03-12
2024,3,13,6.4639,6.84,7.0572,2024-03-13
2024,3,14,6.269,6.6182,6.3302,2024-03-14
2024,3,15,5.425,6.4195,4.3951,2024-03-15
2024,3,16,5.778,6.323,5.3582,2024-03-16
2024,3,17,2.2322,6.2434,0.2585,2024-03-17
2024,3,18,6.0394,6.4248,6.119,2024-03-18
2024,3,19,5.976,6.4894,6.4526,2024-03-19
2024,3,20,6.3535,6.469,7.1006,2024-03-20
2024,3,21,1.115,6.191,0.2496,2024-03-21
2024,3,22,5.0662,6.7822,4.7215,2024-03-22
2024,3,23,5.5802,6.5378,5.9218,2024-03-23
2024,3,24,6.5395,6.631,8.3854,2024-03-24
2024,3,25,6.1874,6.5945,7.2451,2024-03-25
2024,3,26,6.4973,6.5112,8.4785,2024-03-26
2024,3,27,5.9947,6.3562,7.2326,2024-03-27
2024,3,28,6.0334,6.2842,6.9974,2024-03-28
2024,3,29,6.2345,6.3125,8.0076,2024-03-29
2024,3,30,5.8058,6.2443,6.1046,2024-03-30
2024,3,31,5.6138,6.0888,5.3227,2024-03-31
2024,4,1,5.7557,6.0432,6.7154,2024-04-01
2024,4,2,5.0676,6.0017,5.3926,2024-04-02
2024,4,3,5.3602,5.9165,5.6916,2024-04-03
2024,4,4,1.8343,5.7586,0.8681,2024-04-04
2024,4,5,3.2942,5.6753,1.4129,2024-04-05
2024,4,6,5.6297,5.7538,6.797,2024-04-06
2024,4,7,0.6564,5.4919,0.2446,2024-04-07
2024,4,8,4.1388,5.6088,3.3677,2024-04-08
2024,4,9,4.2552,5.496,3.5215,2024-04-09
2024,4,10,3.2093,5.4358,1.0217,2024-04-10
2024,4,11,1.7592,5.3071,0.108,2024-04-11
2024,4,12,3.6089,5.345,2.2723,2024-04-12
2024,4,13,2.826,5.1797,0.3948,2024-04-13
2024,4,14,0.7764,5.0635,0.1901,2024-04-14
2024,4,15,1.1256,4.8809,0.2098,2024-04-15
2024,4,16,3.0991,5.3868,1.6068,2024-04-16
2024,4,17,5.8817,5.8903,8.7077,2024-04-17
2024,4,18,5.8644,5.8685,9.0401,2024-04-18
2024,4,19,5.7708,5.7763,8.8538,2024-04-19
2024,4,20,5.5824,5.5889,8.2733,2024-04-20
2024,4,21,5.316,5.3297,7.4815,2024-04-21
2024,4,22,2.7302,4.9812,1.872,2024-04-22
2024,4,23,2.7257,4.9322,1.8643,2024-04-23
2024,4,24,1.3997,4.7016,0.4946,2024-04-24
2024,4,25,4.1275,4.7717,3.4428,2024-04-25
2024,4,26,4.9642,5.0614,6.7646,2024-04-26
2024,4,27,4.7702,4.9464,6.5734,2024-04-27
2024,4,28,3.5035,4.7059,4.0248,2024-04-28
2024,4,29,4.5713,4.7282,5.9201,2024-04-29
2024,4,30,4.2943,4.6834,5.1425,2024-04-30
2024,5,1,3.9307,4.6306,4.327,2024-05-01
2024,5,2,1.6896,4.5559,0.8654,2024-05-02
2024,5,3,0.9626,4.6274,0.1546,2024-05-03
2024,5,4,1.2979,4.4326,0.4435,2024-05-04
2024,5,5,4.5372,4.645,6.3862,2024-05-05
2024,5,6,4.6214,4.6466,6.5273,2024-05-06
2024,5,7,4.5727,4.5926,6.4166,2024-05-07
2024,5,8,2.4266,4.1899,1.3608,2024-05-08
2024,5,9,1.8672,4.5014,1.5518,2024-05-09
2024,5,10,2.5805,4.4129,0.306,2024-05-10
2024,5,11,1.8962,4.1736,0.5611,2024-05-11
2024,5,12,0.9617,4.2821,0.606,2024-05-12
2024,5,13,1.0762,4.4323,0.1997,2024-05-13
2024,5,14,2.6597,4.6279,1.8017,2024-05-14
2024,5,15,2.2858,4.5905,0.0941,2024-05-15
2024,5,16,0.9161,4.0001,0.4032,2024-05-16
2024,5,17,0.8261,4.218,0.2849,2024-05-17
2024,5,18,1.6313,4.2156,0.4894,2024-05-18
2024,5,19,3.9358,4.5259,5.1074,2024-05-19
2024,5,20,4.5132,4.5233,7.2353,2024-05-20
2024,5,21,4.0178,4.2127,5.5152,2024-05-21
2024,5,22,3.9768,4.0786,5.4218,2024-05-22
2024,5,23,1.067,3.9998,0.8712,2024-05-23
2024,5,24,1.824,4.4335,0.8112,2024-05-24
2024,5,25,3.0317,4.5096,2.8954,2024-05-25
2024,5,26,2.4317,4.422,1.3409,2024-05-26
2024,5,27,1.9913,4.4114,1.4354,2024-05-27
2024,5,28,4.4899,4.5266,7.4609,2024-05-28
2024,5,29,3.3103,4.38,4.3003,2024-05-29
2024,5,30,4.3044,4.3092,7.2497,2024-05-30
2024,5,31,3.4214,4.121,2.6134,2024-05-31
2024,6,1,3.5602,4.0351,3.3497,2024-06-01
2024,6,2,3.9242,3.9482,5.9095,2024-06-02
2024,6,3,2.1096,3.7913,2.0095,2024-06-03
2024,6,4,3.1639,3.823,2.6198,2024-06-04
2024,6,5,3.8544,3.8786,5.8558,2024-06-05
2024,6,6,3.605,3.8652,4.5857,2024-06-06
2024,6,7,3.7565,3.8568,5.6827,2024-06-07
2024,6,8,3.7913,3.8813,6.1356,2024-06-08
2024,6,9,3.6295,3.8717,4.7681,2024-06-09
2024,6,10,3.7054,3.8138,5.1545,2024-06-10
2024,6,11,3.6187,3.7291,4.8065,2024-06-11
2024,6,12,3.864,3.923,6.018,2024-06-12
2024,6,13,3.6506,3.8002,5.2226,2024-06-13
2024,6,14,2.3602,3.4198,1.9385,2024-06-14
2024,6,15,3.102,3.3991,2.9995,2024-06-15
2024,6,16,0.6434,3.4373,0.2568,2024-06-16
2024,6,17,0.7118,3.4507,0.2261,2024-06-17
2024,6,18,2.2318,3.4582,1.2542,2024-06-18
2024,6,19,2.8349,3.3869,2.7922,2024-06-19
2024,6,20,2.6911,3.4349,2.22,2024-06-20
2024,6,21,3.5273,3.6778,4.9848,2024-06-21
2024,6,22,3.2868,3.5666,4.1112,2024-06-22
2024,6,23,3.4282,3.5503,4.0301,2024-06-23
2024,6,24,1.2454,3.7951,1.188,2024-06-24
2024,6,25,0.8998,3.7915,0.1841,2024-06-25
2024,6,26,2.0155,4.1066,0.8014,2024-06-26
2024,6,27,4.0282,4.1734,6.2837,2024-06-27
2024,6,28,1.7887,3.5093,0.125,2024-06-28
2024,6,29,3.7075,4.1923,4.9152,2024-06-29
2024,6,30,4.1942,4.2653,7.0786,2024-06-30
2024,7,1,4.2588,4.2612,7.4378,2024-07-01
2024,7,2,3.7579,3.797,5.4886,2024-07-02
2024,7,3,3.7819,3.811,5.4922,2024-07-03
2024,7,4,1.9915,3.5081,0.5556,2024-07-04
2024,7,5,1.5343,3.4075,0.7534,2024-07-05
2024,7,6,3.222,3.7766,3.0259,2024-07-06
2024,7,7,0.533,3.8522,0.1999,2024-07-07
2024,7,8,3.3749,4.2281,4.344,2024-07-08
2024,7,9,3.6302,4.2523,4.8362,2024-07-09
2024,7,10,4.177,4.3015,6.2611,2024-07-10
2024,7,11,1.8881,3.9715,1.2564,2024-07-11
2024,7,12,1.7256,4.1534,2.0443,2024-07-12
2024,7,13,0.7094,4.1165,0.3742,2024-07-13
2024,7,14,1.8938,4.2835,0.7296,2024-07-14
2024,7,15,1.7443,4.1388,0.4044,2024-07-15
2024,7,16,3.7502,4.3018,4.8427,2024-07-16
2024,7,17,4.2341,4.2727,6.7411,2024-07-17
2024,7,18,4.218,4.224,6.7313,2024-07-18
2024,7,19,4.0118,4.0186,5.8459,2024-07-19
2024,7,20,3.8784,4.2168,4.7508,2024-07-20
2024,7,21,4.1544,4.1702,6.0242,2024-07-21
2024,7,22,3.7524,4.3282,5.2937,2024-07-22
2024,7,23,4.0627,4.3207,5.4074,2024-07-23
2024,7,24,3.9278,4.1698,4.8127,2024-07-24
2024,7,25,3.7692,3.8146,4.2221,2024-07-25
2024,7,26,2.4607,3.4423,0.8328,2024-07-26
2024,7,27,2.9066,3.3533,2.3479,2024-07-27
2024,7,28,1.1722,3.1519,0.2242,2024-07-28
2024,7,29,1.0615,3.8642,0.1807,2024-07-29
2024,7,30,1.1642,4.4141,0.103,2024-07-30
2024,7,31,3.8146,3.9206,4.1009,2024-07-31
2024,8,1,4.3486,4.3512,6.0053,2024-08-01
2024,8,2,4.0222,4.026,4.7513,2024-08-02
2024,8,3,2.7257,3.017,1.4335,2024-08-03
2024,8,4,2.1252,2.6352,0.7229,2024-08-04
2024,8,5,1.8535,2.5442,0.5117,2024-08-05
2024,8,6,2.6345,3.3012,1.3531,2024-08-06
2024,8,7,0.5155,3.0317,0.0468,2024-08-07
2024,8,8,4.8418,4.9675,6.7368,2024-08-08
2024,8,9,4.8732,5.2008,6.6785,2024-08-09
2024,8,10,5.2639,5.2723,8.07,2024-08-10
2024,8,11,5.129,5.2594,7.2809,2024-08-11
2024,8,12,5.1862,5.3628,7.1741,2024-08-12
2024,8,13,5.4043,5.4199,8.327,2024-08-13
2024,8,14,4.6078,4.7093,5.417,2024-08-14
2024,8,15,3.515,3.5222,2.8339,2024-08-15
2024,8,16,3.4598,3.4807,2.6842,2024-08-16
2024,8,17,3.1356,3.1999,2.0203,2024-08-17
2024,8,18,3.3977,3.4536,2.3412,2024-08-18
2024,8,19,2.8702,3.1284,1.7801,2024-08-19
2024,8,20,1.5607,3.1757,0.3506,2024-08-20
2024,8,21,3.2184,3.6185,2.1223,2024-08-21
2024,8,22,0.5671,3.625,0.0154,2024-08-22
2024,8,23,2.3347,5.472,0.5544,2024-08-23
2024,8,24,5.6525,5.7751,7.6704,2024-08-24
2024,8,25,5.7312,5.8308,7.9944,2024-08-25
2024,8,26,5.9191,5.9232,8.6018,2024-08-26
2024,8,27,1.6824,5.5404,0.5664,2024-08-27
2024,8,28,2.881,4.0457,1.7618,2024-08-28
2024,8,29,3.4596,3.9881,2.0945,2024-08-29
2024,8,30,2.6294,3.6245,0.8736,2024-08-30
2024,8,31,1.2706,2.9573,0.0919,2024-08-31
2024,9,1,4.6817,5.3294,3.4034,2024-09-01
2024,9,2,4.8864,4.9356,4.7441,2024-09-02
2024,9,3,3.0725,3.1286,1.9471,2024-09-03
2024,9,4,0.9888,2.6554,0.0912,2024-09-04
2024,9,5,6.2741,6.3132,8.4355,2024-09-05
2024,9,6,4.639,4.6445,4.3589,2024-09-06
2024,9,7,3.2849,3.2928,1.9109,2024-09-07
2024,9,8,2.9714,3.0331,1.4914,2024-09-08
2024,9,9,3.2599,3.6014,1.6109,2024-09-09
2024,9,10,2.7562,3.277,1.1201,2024-09-10
2024,9,11,2.737,2.8214,1.3169,2024-09-11
2024,9,12,0.5434,2.2589,0.0098,2024-09-12
2024,9,13,2.2886,3.9972,0.859,2024-09-13
2024,9,14,5.2226,5.729,4.4695,2024-09-14
2024,9,15,4.5274,6.2573,3.5849,2024-09-15
2024,9,16,6.6031,6.6089,8.7118,2024-09-16
2024,9,17,6.2498,6.383,7.2197,2024-09-17
2024,9,18,4.5917,4.5991,3.0206,2024-09-18
2024,9,19,3.769,3.8059,1.9601,2024-09-19
2024,9,20,1.4698,3.2705,0.2849,2024-09-20
2024,9,21,4.4455,4.4662,2.7574,2024-09-21
2024,9,22,2.7209,2.7626,1.1078,2024-09-22
2024,9,23,3.0814,3.1486,1.3169,2024-09-23
2024,9,24,2.0642,2.1821,0.6281,2024-09-24
2024,9,25,2.2181,2.5111,0.7008,2024-09-25
2024,9,26,1.6526,4.9001,0.2753,2024-09-26
2024,9,27,5.7986,7.0622,5.4307,2024-09-27
2024,9,28,7.0702,7.0831,8.7773,2024-09-28
2024,9,29,5.9789,5.9832,5.562,2024-09-29
2024,9,30,5.352,5.4626,4.021,2024-09-30
2024,10,1,2.9117,3.0554,1.128,2024-10-01
2024,10,2,1.6582,4.7302,0.3194,2024-10-02
2024,10,3,6.2114,6.9888,5.6542,2024-10-03
2024,10,4,7.3337,7.3366,9.1752,2024-10-04
2024,10,5,5.358,5.4869,3.9146,2024-10-05
2024,10,6,1.0332,4.277,0.1056,2024-10-06
2024,10,7,4.1323,4.3445,1.9853,2024-10-07
2024,10,8,2.8286,3.5642,0.9048,2024-10-08
2024,10,9,1.2228,4.8948,0.0746,2024-10-09
2024,10,10,0.7037,4.86,0.0209,2024-10-10
2024,10,11,3.1553,6.9475,0.8695,2024-10-11
2024,10,12,7.405,7.4741,8.681,2024-10-12
2024,10,13,5.8786,6.8383,4.8204,2024-10-13
2024,10,14,0.421,4.3469,0.0362,2024-10-14
2024,10,15,4.0927,5.0779,1.3512,2024-10-15
2024,10,16,3.9259,5.7252,0.541,2024-10-16
2024,10,17,5.1739,5.5884,2.507,2024-10-17
2024,10,18,2.2044,5.9938,0.3091,2024-10-18
2024,10,19,7.41,7.4614,8.1782,2024-10-19
2024,10,20,6.3487,7.4465,5.7514,2024-10-20
2024,10,21,7.1042,7.4184,7.3538,2024-10-21
2024,10,22,7.2331,7.3762,7.4882,2024-10-22
2024,10,23,6.9948,7.0982,6.1075,2024-10-23
2024,10,24,5.3304,7.0831,4.2134,2024-10-24
2024,10,25,7.9922,8.0539,9.2062,2024-10-25
2024,10,26,7.919,8.1746,8.0906,2024-10-26
2024,10,27,8.2819,8.2894,10.4412,2024-10-27
2024,10,28,7.8406,8.0441,9.1373,2024-10-28
2024,10,29,7.6001,7.8564,8.3561,2024-10-29
2024,10,30,7.6738,7.908,8.6134,2024-10-30
2024,10,31,2.8399,7.7856,0.9444,2024-10-31
2024,11,1,3.2702,7.2406,0.156,2024-11-01
2024,11,2,4.5298,7.4897,2.1502,2024-11-02
2024,11,3,5.9057,7.6814,4.2199,2024-11-03
2024,11,4,7.2034,7.8199,6.9043,2024-11-04
2024,11,5,5.2882,7.6438,2.437,2024-11-05
2024,11,6,6.3444,7.7165,5.2879,2024-11-06
2024,11,7,5.2961,7.9574,2.9575,2024-11-07
2024,11,8,6.1152,8.2637,3.7075,2024-11-08
2024,11,9,8.3935,8.3986,10.2998,2024-11-09
2024,11,10,8.4506,8.4526,10.3973,2024-11-10
2024,11,11,8.0023,8.2106,8.4408,2024-11-11
2024,11,12,6.7282,8.6033,6.0598,2024-11-12
2024,11,13,8.7737,8.7751,10.8562,2024-11-13
2024,11,14,8.4763,8.5092,9.6682,2024-11-14
2024,11,15,8.5234,8.532,10.1256,2024-11-15
2024,11,16,8.0244,8.2603,8.3707,2024-11-16
2024,11,17,6.391,7.9963,4.5355,2024-11-17
2024,11,18,3.5717,7.7606,0.234,2024-11-18
2024,11,19,3.9163,7.776,1.2967,2024-11-19
2024,11,20,4.8432,7.9229,2.2152,2024-11-20
2024,11,21,6.9031,7.9265,4.9426,2024-11-21
2024,11,22,6.895,8.2901,5.827,2024-11-22
2024,11,23,7.8634,8.4254,7.8895,2024-11-23
2024,11,24,8.2087,8.4019,8.9194,2024-11-24
2024,11,25,6.9149,8.3266,4.0435,2024-11-25
2024,11,26,5.3047,7.5204,1.0666,2024-11-26
2024,11,27,6.7817,7.8682,4.1114,2024-11-27
2024,11,28,2.598,7.7189,0.1896,2024-11-28
2024,11,29,6.5822,8.1022,3.7193,2024-11-29
2024,11,30,5.8978,7.9272,2.1715,2024-11-30
2024,12,1,7.4921,7.9618,6.421,2024-12-01
2024,12,2,1.987,8.0551,0.2558,2024-12-02
2024,12,3,5.0282,8.2846,1.7455,2024-12-03
2024,12,4,8.1262,8.5044,8.0659,2024-12-04
2024,12,5,5.4667,8.2973,3.7313,2024-12-05
2024,12,6,5.737,8.1043,4.2619,2024-12-06
2024,12,7,3.781,7.7957,0.919,2024-12-07
2024,12,8,2.7053,8.3719,0.5851,2024-12-08
2024,12,9,2.333,8.2553,0.5323,2024-12-09
2024,12,10,8.1125,8.6885,7.6958,2024-12-10
2024,12,11,8.5375,8.7761,9.3545,2024-12-11
2024,12,12,5.3532,8.0873,3.4663,2024-12-12
2024,12,13,0.7625,8.0393,0.2832,2024-12-13
2024,12,14,7.6039,8.6064,7.3032,2024-12-14
2024,12,15,8.7547,8.82,10.1021,2024-12-15
2024,12,16,8.5018,8.8241,8.9239,2024-12-16
2024,12,17,8.8644,8.8769,10.5115,2024-12-17
2024,12,18,8.4494,8.5994,8.5114,2024-12-18
2024,12,19,3.5208,8.1398,1.5238,2024-12-19
2024,12,20,7.5686,8.6086,7.3075,2024-12-20
2024,12,21,8.185,8.6808,8.3849,2024-12-21
2024,12,22,7.4928,8.5462,5.5937,2024-12-22
2024,12,23,8.8884,8.9362,10.554,2024-12-23
2024,12,24,6.2054,8.2147,3.8009,2024-12-24
2024,12,25,8.658,8.8834,9.2928,2024-12-25
2024,12,26,8.8992,8.9585,10.0471,2024-12-26
2024,12,27,8.9018,8.9093,10.4806,2024-12-27
2024,12,28,8.7293,8.7924,9.5717,2024-12-28
2024,12,29,8.825,8.8661,10.3874,2024-12-29
2024,12,30,8.461,8.8195,9.0931,2024-12-30
2024,12,31,8.6378,8.7134,9.7078,2024-12-31
